Timestamp,Date,Comunidad,Casos,Muertes
1,2020-03-09 13:30,Madrid ,469,
2,2020-03-09 13:30,País Vasco,149,
3,2020-03-09 13:30,Cataluña,75,
4,2020-03-09 13:30,La Rioja,81,
5,2020-03-09 13:30,Andalucía,54,
6,2020-03-09 13:30,Castilla-La Mancha,26,
7,2020-03-09 13:30,Castilla y León,23,
8,2020-03-09 13:30,Navarra,3,
9,2020-03-09 13:30,Asturias,7,
10,2020-03-09 13:30,la Comunidad Valenciana ,37,
11,2020-03-09 13:30,Galicia,6,
12,2020-03-09 13:30,Aragón ,13,
13,2020-03-09 13:30,Canarias ,22,
14,2020-03-09 13:30,Extremadura,7,
15,2020-03-09 13:30,Murcia,4,
16,2020-03-09 13:30,Baleares,11,
17,2020-03-09 13:30,Cantabria,12,
18,2020-03-09 13:30,Melilla,0,
19,2020-03-10 13:30,Madrid ,782,
20,2020-03-10 13:30,País Vasco,195,
21,2020-03-10 13:30,Cataluña,124,
22,2020-03-10 13:30,La Rioja,144,
23,2020-03-10 13:30,Andalucía,71,
24,2020-03-10 13:30,Castilla-La Mancha,39,
25,2020-03-10 13:30,Castilla y León,56,
26,2020-03-10 13:30,Navarra,12,
27,2020-03-10 13:30,Asturias,22,
28,2020-03-10 13:30,la Comunidad Valenciana ,50,
29,2020-03-10 13:30,Galicia,22,
30,2020-03-10 13:30,Aragón ,13,
31,2020-03-10 13:30,Canarias ,25,
32,2020-03-10 13:30,Extremadura,8,
33,2020-03-10 13:30,Murcia,9,
34,2020-03-10 13:30,Baleares,13,
35,2020-03-10 13:30,Cantabria,12,
36,2020-03-10 13:30,Melilla,0,
37,2020-03-11 13:30,Madrid ,1024,
38,2020-03-11 13:30,País Vasco,225,
39,2020-03-11 13:30,Cataluña,156,
40,2020-03-11 13:30,La Rioja,179,
41,2020-03-11 13:30,Andalucía,71,
42,2020-03-11 13:30,Castilla-La Mancha,71,
43,2020-03-11 13:30,Castilla y León,71,
44,2020-03-11 13:30,Navarra,46,
45,2020-03-11 13:30,Asturias,32,
46,2020-03-11 13:30,la Comunidad Valenciana ,65,
47,2020-03-11 13:30,Galicia,39,
48,2020-03-11 13:30,Aragón ,38,
49,2020-03-11 13:30,Canarias ,37,
50,2020-03-11 13:30,Extremadura,9,
51,2020-03-11 13:30,Murcia,11,
52,2020-03-11 13:30,Baleares,16,
53,2020-03-11 13:30,Cantabria,12,
54,2020-03-11 13:30,Melilla,0,
55,2020-03-12 13:30,Madrid ,1388,
56,2020-03-12 13:30,País Vasco,346,
57,2020-03-12 13:30,Cataluña,260,
58,2020-03-12 13:30,La Rioja,205,
59,2020-03-12 13:30,Andalucía,115,
60,2020-03-12 13:30,Castilla-La Mancha,115,
61,2020-03-12 13:30,Castilla y León,92,
62,2020-03-12 13:30,Navarra,73,
63,2020-03-12 13:30,Asturias,47,
64,2020-03-12 13:30,la Comunidad Valenciana ,76,
65,2020-03-12 13:30,Galicia,35,
66,2020-03-12 13:30,Aragón ,45,
67,2020-03-12 13:30,Canarias ,51,
68,2020-03-12 13:30,Extremadura,19,
69,2020-03-12 13:30,Murcia,26,
70,2020-03-12 13:30,Baleares,22,
71,2020-03-12 13:30,Cantabria,16,
72,2020-03-12 13:30,Melilla,0,
73,2020-03-13 13:30,Madrid ,1990,
74,2020-03-13 13:30,País Vasco,417,
75,2020-03-13 13:30,Cataluña,316,
76,2020-03-13 13:30,La Rioja,243,
77,2020-03-13 13:30,Andalucía,219,
78,2020-03-13 13:30,Castilla-La Mancha,194,
79,2020-03-13 13:30,Castilla y León,169,
80,2020-03-13 13:30,Navarra,130,
81,2020-03-13 13:30,Asturias,64,
82,2020-03-13 13:30,la Comunidad Valenciana ,94,
83,2020-03-13 13:30,Galicia,85,
84,2020-03-13 13:30,Aragón ,64,
85,2020-03-13 13:30,Canarias ,70,
86,2020-03-13 13:30,Extremadura,39,
87,2020-03-13 13:30,Murcia,35,
88,2020-03-13 13:30,Baleares,30,
89,2020-03-13 13:30,Cantabria,29,
90,2020-03-13 13:30,Melilla,0,
1584192653,2020-03-14 13:30,Madrid ,2940,133
1584192653,2020-03-14 13:30,País Vasco,522,19
1584192653,2020-03-14 13:30,Cataluña,509,6
1584192653,2020-03-14 13:30,La Rioja,278,2
1584192653,2020-03-14 13:30,Andalucía,269,3
1584192653,2020-03-14 13:30,Castilla-La Mancha,289,5
1584192653,2020-03-14 13:30,Castilla y León,223,3
1584192653,2020-03-14 13:30,Navarra,146,
1584192653,2020-03-14 13:30,Asturias,101,1
1584192653,2020-03-14 13:30,la Comunidad Valenciana ,3,
1584192653,2020-03-14 13:30,Galicia,115,1
1584192653,2020-03-14 13:30,Aragón ,80,7
1584192653,2020-03-14 13:30,Canarias ,90,1
1584192653,2020-03-14 13:30,Extremadura,66,1
1584192653,2020-03-14 13:30,Murcia,47,
1584192653,2020-03-14 13:30,Baleares,30,1
1584192653,2020-03-14 13:30,Cantabria,31,
1584192653,2020-03-14 13:30,Melilla,3,
1584194784,2020-03-14 14:00,Madrid ,2940,133
1584194784,2020-03-14 14:00,País Vasco,522,19
1584194784,2020-03-14 14:00,Cataluña,509,6
1584194784,2020-03-14 14:00,La Rioja,278,2
1584194784,2020-03-14 14:00,Andalucía,269,3
1584194784,2020-03-14 14:00,Castilla-La Mancha,289,5
1584194784,2020-03-14 14:00,Castilla y León,223,3
1584194784,2020-03-14 14:00,Navarra,146,
1584194784,2020-03-14 14:00,Asturias,101,1
1584194784,2020-03-14 14:00,la Comunidad Valenciana ,3,
1584194784,2020-03-14 14:00,Galicia,115,1
1584194784,2020-03-14 14:00,Aragón ,80,7
1584194784,2020-03-14 14:00,Canarias ,90,1
1584194784,2020-03-14 14:00,Extremadura,66,1
1584194784,2020-03-14 14:00,Murcia,47,
1584194784,2020-03-14 14:00,Baleares,30,1
1584194784,2020-03-14 14:00,Cantabria,31,
1584194784,2020-03-14 14:00,Melilla,3,
1584196220,2020-03-14 14:30,Madrid ,2940,133
1584196220,2020-03-14 14:30,País Vasco,522,19
1584196220,2020-03-14 14:30,Cataluña,509,6
1584196220,2020-03-14 14:30,La Rioja,278,2
1584196220,2020-03-14 14:30,Andalucía,269,3
1584196220,2020-03-14 14:30,Castilla-La Mancha,289,5
1584196220,2020-03-14 14:30,Castilla y León,223,3
1584196220,2020-03-14 14:30,Navarra,146,
1584196220,2020-03-14 14:30,Asturias,101,1
1584196220,2020-03-14 14:30,la Comunidad Valenciana ,3,
1584196220,2020-03-14 14:30,Galicia,115,1
1584196220,2020-03-14 14:30,Aragón ,80,7
1584196220,2020-03-14 14:30,Canarias ,90,1
1584196220,2020-03-14 14:30,Extremadura,66,1
1584196220,2020-03-14 14:30,Murcia,47,
1584196220,2020-03-14 14:30,Baleares,30,1
1584196220,2020-03-14 14:30,Cantabria,31,
1584196220,2020-03-14 14:30,Melilla,3,
1584198020,2020-03-14 15:00,Madrid ,2940,133
1584198020,2020-03-14 15:00,País Vasco,522,19
1584198020,2020-03-14 15:00,Cataluña,509,6
1584198020,2020-03-14 15:00,La Rioja,278,2
1584198020,2020-03-14 15:00,Andalucía,269,3
1584198020,2020-03-14 15:00,Castilla-La Mancha,289,5
1584198020,2020-03-14 15:00,Castilla y León,223,3
1584198020,2020-03-14 15:00,Navarra,146,
1584198020,2020-03-14 15:00,Asturias,101,1
1584198020,2020-03-14 15:00,la Comunidad Valenciana ,3,
1584198020,2020-03-14 15:00,Galicia,115,1
1584198020,2020-03-14 15:00,Aragón ,80,7
1584198020,2020-03-14 15:00,Canarias ,90,1
1584198020,2020-03-14 15:00,Extremadura,66,1
1584198020,2020-03-14 15:00,Murcia,47,
1584198020,2020-03-14 15:00,Baleares,30,1
1584198020,2020-03-14 15:00,Cantabria,31,
1584198020,2020-03-14 15:00,Melilla,3,
1584199820,2020-03-14 15:30,Madrid ,2940,133
1584199820,2020-03-14 15:30,País Vasco,522,19
1584199820,2020-03-14 15:30,Cataluña,509,6
1584199820,2020-03-14 15:30,La Rioja,278,2
1584199820,2020-03-14 15:30,Andalucía,269,3
1584199820,2020-03-14 15:30,Castilla-La Mancha,289,5
1584199820,2020-03-14 15:30,Castilla y León,223,3
1584199820,2020-03-14 15:30,Navarra,146,
1584199820,2020-03-14 15:30,Asturias,101,1
1584199820,2020-03-14 15:30,la Comunidad Valenciana ,3,
1584199820,2020-03-14 15:30,Galicia,115,1
1584199820,2020-03-14 15:30,Aragón ,80,7
1584199820,2020-03-14 15:30,Canarias ,90,1
1584199820,2020-03-14 15:30,Extremadura,66,2
1584199820,2020-03-14 15:30,Murcia,47,
1584199820,2020-03-14 15:30,Baleares,30,1
1584199820,2020-03-14 15:30,Cantabria,31,
1584199820,2020-03-14 15:30,Melilla,3,
1584201620,2020-03-14 16:00,Madrid ,2940,133
1584201620,2020-03-14 16:00,País Vasco,522,19
1584201620,2020-03-14 16:00,Cataluña,509,6
1584201620,2020-03-14 16:00,La Rioja,278,2
1584201620,2020-03-14 16:00,Andalucía,269,3
1584201620,2020-03-14 16:00,Castilla-La Mancha,289,5
1584201620,2020-03-14 16:00,Castilla y León,223,3
1584201620,2020-03-14 16:00,Navarra,146,
1584201620,2020-03-14 16:00,Asturias,101,1
1584201620,2020-03-14 16:00,la Comunidad Valenciana ,3,
1584201620,2020-03-14 16:00,Galicia,115,1
1584201620,2020-03-14 16:00,Aragón ,80,7
1584201620,2020-03-14 16:00,Canarias ,90,1
1584201620,2020-03-14 16:00,Extremadura,66,2
1584201620,2020-03-14 16:00,Murcia,47,
1584201620,2020-03-14 16:00,Baleares,44,1
1584201620,2020-03-14 16:00,Cantabria,31,
1584201620,2020-03-14 16:00,Melilla,3,
1584203420,2020-03-14 16:30,Madrid ,2940,133
1584203420,2020-03-14 16:30,País Vasco,522,19
1584203420,2020-03-14 16:30,Cataluña,509,8
1584203420,2020-03-14 16:30,La Rioja,278,2
1584203420,2020-03-14 16:30,Andalucía,269,3
1584203420,2020-03-14 16:30,Castilla-La Mancha,289,5
1584203420,2020-03-14 16:30,Castilla y León,223,5
1584203420,2020-03-14 16:30,Navarra,146,
1584203420,2020-03-14 16:30,Asturias,101,1
1584203420,2020-03-14 16:30,la Comunidad Valenciana ,3,
1584203420,2020-03-14 16:30,Galicia,115,1
1584203420,2020-03-14 16:30,Aragón ,80,7
1584203420,2020-03-14 16:30,Canarias ,90,1
1584203420,2020-03-14 16:30,Extremadura,66,2
1584203420,2020-03-14 16:30,Murcia,47,
1584203420,2020-03-14 16:30,Baleares,44,1
1584203420,2020-03-14 16:30,Cantabria,31,
1584203420,2020-03-14 16:30,Melilla,3,
1584205220,2020-03-14 17:00,Madrid ,2940,133
1584205220,2020-03-14 17:00,País Vasco,522,19
1584205220,2020-03-14 17:00,Cataluña,509,8
1584205220,2020-03-14 17:00,La Rioja,278,2
1584205220,2020-03-14 17:00,Andalucía,269,3
1584205220,2020-03-14 17:00,Castilla-La Mancha,289,5
1584205220,2020-03-14 17:00,Castilla y León,223,5
1584205220,2020-03-14 17:00,Navarra,146,
1584205220,2020-03-14 17:00,Asturias,101,1
1584205220,2020-03-14 17:00,la Comunidad Valenciana ,3,
1584205220,2020-03-14 17:00,Galicia,115,1
1584205220,2020-03-14 17:00,Aragón ,80,7
1584205220,2020-03-14 17:00,Canarias ,90,1
1584205220,2020-03-14 17:00,Extremadura,66,2
1584205220,2020-03-14 17:00,Murcia,47,
1584205220,2020-03-14 17:00,Baleares,44,1
1584205220,2020-03-14 17:00,Cantabria,31,
1584205220,2020-03-14 17:00,Melilla,3,
1584207020,2020-03-14 17:30,Madrid ,2940,133
1584207020,2020-03-14 17:30,País Vasco,522,19
1584207020,2020-03-14 17:30,Cataluña,509,8
1584207020,2020-03-14 17:30,La Rioja,278,2
1584207020,2020-03-14 17:30,Andalucía,269,3
1584207020,2020-03-14 17:30,Castilla-La Mancha,289,5
1584207020,2020-03-14 17:30,Castilla y León,223,5
1584207020,2020-03-14 17:30,Navarra,146,
1584207020,2020-03-14 17:30,Asturias,101,1
1584207020,2020-03-14 17:30,la Comunidad Valenciana ,3,
1584207020,2020-03-14 17:30,Galicia,115,1
1584207020,2020-03-14 17:30,Aragón ,80,7
1584207020,2020-03-14 17:30,Canarias ,90,1
1584207020,2020-03-14 17:30,Extremadura,66,2
1584207020,2020-03-14 17:30,Murcia,47,
1584207020,2020-03-14 17:30,Baleares,44,1
1584207020,2020-03-14 17:30,Cantabria,31,
1584207020,2020-03-14 17:30,Melilla,3,
1584208820,2020-03-14 18:00,Madrid ,2940,133
1584208820,2020-03-14 18:00,País Vasco,522,19
1584208820,2020-03-14 18:00,Cataluña,715,8
1584208820,2020-03-14 18:00,La Rioja,278,2
1584208820,2020-03-14 18:00,Andalucía,269,3
1584208820,2020-03-14 18:00,Castilla-La Mancha,289,5
1584208820,2020-03-14 18:00,Castilla y León,223,5
1584208820,2020-03-14 18:00,Navarra,146,
1584208820,2020-03-14 18:00,Asturias,101,1
1584208820,2020-03-14 18:00,la Comunidad Valenciana ,3,
1584208820,2020-03-14 18:00,Galicia,115,1
1584208820,2020-03-14 18:00,Aragón ,80,7
1584208820,2020-03-14 18:00,Canarias ,90,1
1584208820,2020-03-14 18:00,Extremadura,66,2
1584208820,2020-03-14 18:00,Murcia,47,
1584208820,2020-03-14 18:00,Baleares,44,1
1584208820,2020-03-14 18:00,Cantabria,31,
1584208820,2020-03-14 18:00,Melilla,3,
1584210620,2020-03-14 18:30,Madrid ,2940,133
1584210620,2020-03-14 18:30,País Vasco,522,19
1584210620,2020-03-14 18:30,Cataluña,715,8
1584210620,2020-03-14 18:30,La Rioja,278,2
1584210620,2020-03-14 18:30,Andalucía,269,3
1584210620,2020-03-14 18:30,Castilla-La Mancha,289,5
1584210620,2020-03-14 18:30,Castilla y León,223,5
1584210620,2020-03-14 18:30,Navarra,146,
1584210620,2020-03-14 18:30,Asturias,101,1
1584210620,2020-03-14 18:30,la Comunidad Valenciana ,130,3
1584210620,2020-03-14 18:30,Galicia,115,1
1584210620,2020-03-14 18:30,Aragón ,80,7
1584210620,2020-03-14 18:30,Canarias ,90,1
1584210620,2020-03-14 18:30,Extremadura,66,2
1584210620,2020-03-14 18:30,Murcia,47,
1584210620,2020-03-14 18:30,Baleares,44,1
1584210620,2020-03-14 18:30,Cantabria,31,
1584210620,2020-03-14 18:30,Melilla,3,
1584212420,2020-03-14 19:00,Madrid ,2940,133
1584212420,2020-03-14 19:00,País Vasco,522,19
1584212420,2020-03-14 19:00,Cataluña,715,8
1584212420,2020-03-14 19:00,La Rioja,292,3
1584212420,2020-03-14 19:00,Andalucía,304,3
1584212420,2020-03-14 19:00,Castilla-La Mancha,289,6
1584212420,2020-03-14 19:00,Castilla y León,223,5
1584212420,2020-03-14 19:00,Navarra,183,
1584212420,2020-03-14 19:00,Asturias,107,1
1584212420,2020-03-14 19:00,la Comunidad Valenciana ,188,3
1584212420,2020-03-14 19:00,Galicia,135,1
1584212420,2020-03-14 19:00,Aragón ,121,7
1584212420,2020-03-14 19:00,Canarias ,90,1
1584212420,2020-03-14 19:00,Extremadura,66,2
1584212420,2020-03-14 19:00,Murcia,51,
1584212420,2020-03-14 19:00,Baleares,44,1
1584212420,2020-03-14 19:00,Cantabria,43,
1584212420,2020-03-14 19:00,Melilla,6,
1584214220,2020-03-14 19:30,Madrid ,2940,133
1584214220,2020-03-14 19:30,País Vasco,522,19
1584214220,2020-03-14 19:30,Cataluña,715,8
1584214220,2020-03-14 19:30,La Rioja,292,3
1584214220,2020-03-14 19:30,Andalucía,304,3
1584214220,2020-03-14 19:30,Castilla-La Mancha,289,6
1584214220,2020-03-14 19:30,Castilla y León,223,5
1584214220,2020-03-14 19:30,Navarra,183,
1584214220,2020-03-14 19:30,Asturias,107,1
1584214220,2020-03-14 19:30,la Comunidad Valenciana ,188,3
1584214220,2020-03-14 19:30,Galicia,135,1
1584214220,2020-03-14 19:30,Aragón ,121,7
1584214220,2020-03-14 19:30,Canarias ,90,1
1584214220,2020-03-14 19:30,Extremadura,66,2
1584214220,2020-03-14 19:30,Murcia,53,
1584214220,2020-03-14 19:30,Baleares,44,1
1584214220,2020-03-14 19:30,Cantabria,43,
1584214220,2020-03-14 19:30,Melilla,6,
1584216020,2020-03-14 20:00,Madrid ,2940,133
1584216020,2020-03-14 20:00,País Vasco,522,19
1584216020,2020-03-14 20:00,Cataluña,715,8
1584216020,2020-03-14 20:00,La Rioja,292,3
1584216020,2020-03-14 20:00,Andalucía,376,5
1584216020,2020-03-14 20:00,Castilla-La Mancha,289,6
1584216020,2020-03-14 20:00,Castilla y León,223,5
1584216020,2020-03-14 20:00,Navarra,183,
1584216020,2020-03-14 20:00,Asturias,107,1
1584216020,2020-03-14 20:00,la Comunidad Valenciana ,188,3
1584216020,2020-03-14 20:00,Galicia,135,1
1584216020,2020-03-14 20:00,Aragón ,121,7
1584216020,2020-03-14 20:00,Canarias ,90,1
1584216020,2020-03-14 20:00,Extremadura,66,2
1584216020,2020-03-14 20:00,Murcia,53,
1584216020,2020-03-14 20:00,Baleares,44,1
1584216020,2020-03-14 20:00,Cantabria,43,
1584216020,2020-03-14 20:00,Melilla,6,
1584217820,2020-03-14 20:30,Madrid ,2940,133
1584217820,2020-03-14 20:30,País Vasco,522,19
1584217820,2020-03-14 20:30,Cataluña,715,8
1584217820,2020-03-14 20:30,La Rioja,292,3
1584217820,2020-03-14 20:30,Andalucía,376,5
1584217820,2020-03-14 20:30,Castilla-La Mancha,289,6
1584217820,2020-03-14 20:30,Castilla y León,223,5
1584217820,2020-03-14 20:30,Navarra,183,
1584217820,2020-03-14 20:30,Asturias,107,1
1584217820,2020-03-14 20:30,la Comunidad Valenciana ,188,3
1584217820,2020-03-14 20:30,Galicia,135,1
1584217820,2020-03-14 20:30,Aragón ,121,7
1584217820,2020-03-14 20:30,Canarias ,90,1
1584217820,2020-03-14 20:30,Extremadura,66,2
1584217820,2020-03-14 20:30,Murcia,53,
1584217820,2020-03-14 20:30,Baleares,44,1
1584217820,2020-03-14 20:30,Cantabria,43,
1584217820,2020-03-14 20:30,Melilla,6,
1584219620,2020-03-14 21:00,Madrid ,2940,133
1584219620,2020-03-14 21:00,País Vasco,522,19
1584219620,2020-03-14 21:00,Cataluña,715,8
1584219620,2020-03-14 21:00,La Rioja,292,3
1584219620,2020-03-14 21:00,Andalucía,376,5
1584219620,2020-03-14 21:00,Castilla-La Mancha,289,6
1584219620,2020-03-14 21:00,Castilla y León,223,5
1584219620,2020-03-14 21:00,Navarra,183,
1584219620,2020-03-14 21:00,Asturias,107,1
1584219620,2020-03-14 21:00,la Comunidad Valenciana ,188,3
1584219620,2020-03-14 21:00,Galicia,135,1
1584219620,2020-03-14 21:00,Aragón ,121,7
1584219620,2020-03-14 21:00,Canarias ,90,1
1584219620,2020-03-14 21:00,Extremadura,66,2
1584219620,2020-03-14 21:00,Murcia,53,
1584219620,2020-03-14 21:00,Baleares,44,1
1584219620,2020-03-14 21:00,Cantabria,43,
1584219620,2020-03-14 21:00,Melilla,6,
1584221420,2020-03-14 21:30,Madrid ,2940,133
1584221420,2020-03-14 21:30,País Vasco,522,19
1584221420,2020-03-14 21:30,Cataluña,715,8
1584221420,2020-03-14 21:30,La Rioja,292,3
1584221420,2020-03-14 21:30,Andalucía,376,5
1584221420,2020-03-14 21:30,Castilla-La Mancha,289,6
1584221420,2020-03-14 21:30,Castilla y León,223,5
1584221420,2020-03-14 21:30,Navarra,183,
1584221420,2020-03-14 21:30,Asturias,107,1
1584221420,2020-03-14 21:30,la Comunidad Valenciana ,188,3
1584221420,2020-03-14 21:30,Galicia,135,1
1584221420,2020-03-14 21:30,Aragón ,121,7
1584221420,2020-03-14 21:30,Canarias ,90,1
1584221420,2020-03-14 21:30,Extremadura,66,2
1584221420,2020-03-14 21:30,Murcia,53,
1584221420,2020-03-14 21:30,Baleares,44,1
1584221420,2020-03-14 21:30,Cantabria,43,
1584221420,2020-03-14 21:30,Melilla,6,
1584223220,2020-03-14 22:00,Madrid ,2940,133
1584223220,2020-03-14 22:00,País Vasco,522,19
1584223220,2020-03-14 22:00,Cataluña,715,8
1584223220,2020-03-14 22:00,La Rioja,292,3
1584223220,2020-03-14 22:00,Andalucía,376,5
1584223220,2020-03-14 22:00,Castilla-La Mancha,289,6
1584223220,2020-03-14 22:00,Castilla y León,223,5
1584223220,2020-03-14 22:00,Navarra,183,
1584223220,2020-03-14 22:00,Asturias,107,1
1584223220,2020-03-14 22:00,la Comunidad Valenciana ,188,3
1584223220,2020-03-14 22:00,Galicia,135,1
1584223220,2020-03-14 22:00,Aragón ,121,7
1584223220,2020-03-14 22:00,Canarias ,90,1
1584223220,2020-03-14 22:00,Extremadura,66,2
1584223220,2020-03-14 22:00,Murcia,53,
1584223220,2020-03-14 22:00,Baleares,44,1
1584223220,2020-03-14 22:00,Cantabria,43,
1584223220,2020-03-14 22:00,Melilla,6,
1584225020,2020-03-14 22:30,Madrid ,2940,133
1584225020,2020-03-14 22:30,País Vasco,522,19
1584225020,2020-03-14 22:30,Cataluña,715,8
1584225020,2020-03-14 22:30,La Rioja,292,3
1584225020,2020-03-14 22:30,Andalucía,376,5
1584225020,2020-03-14 22:30,Castilla-La Mancha,289,6
1584225020,2020-03-14 22:30,Castilla y León,223,5
1584225020,2020-03-14 22:30,Navarra,183,1
1584225020,2020-03-14 22:30,Asturias,107,1
1584225020,2020-03-14 22:30,la Comunidad Valenciana ,188,3
1584225020,2020-03-14 22:30,Galicia,135,1
1584225020,2020-03-14 22:30,Aragón ,121,7
1584225020,2020-03-14 22:30,Canarias ,90,1
1584225020,2020-03-14 22:30,Extremadura,66,2
1584225020,2020-03-14 22:30,Murcia,53,
1584225020,2020-03-14 22:30,Baleares,44,1
1584225020,2020-03-14 22:30,Cantabria,43,
1584225020,2020-03-14 22:30,Melilla,6,
1584226820,2020-03-14 23:00,Madrid ,2940,133
1584226820,2020-03-14 23:00,País Vasco,522,19
1584226820,2020-03-14 23:00,Cataluña,715,8
1584226820,2020-03-14 23:00,La Rioja,292,3
1584226820,2020-03-14 23:00,Andalucía,376,5
1584226820,2020-03-14 23:00,Castilla-La Mancha,289,6
1584226820,2020-03-14 23:00,Castilla y León,223,5
1584226820,2020-03-14 23:00,Navarra,183,1
1584226820,2020-03-14 23:00,Asturias,107,1
1584226820,2020-03-14 23:00,la Comunidad Valenciana ,188,3
1584226820,2020-03-14 23:00,Galicia,135,1
1584226820,2020-03-14 23:00,Aragón ,121,7
1584226820,2020-03-14 23:00,Canarias ,90,1
1584226820,2020-03-14 23:00,Extremadura,66,2
1584226820,2020-03-14 23:00,Murcia,53,
1584226820,2020-03-14 23:00,Baleares,44,1
1584226820,2020-03-14 23:00,Cantabria,43,
1584226820,2020-03-14 23:00,Melilla,6,
1584226820,2020-03-14 23:30,Madrid ,2940,133
1584226820,2020-03-14 23:30,País Vasco,522,19
1584226820,2020-03-14 23:30,Cataluña,715,8
1584226820,2020-03-14 23:30,La Rioja,292,3
1584226820,2020-03-14 23:30,Andalucía,376,5
1584226820,2020-03-14 23:30,Castilla-La Mancha,289,6
1584226820,2020-03-14 23:30,Castilla y León,223,5
1584226820,2020-03-14 23:30,Navarra,183,1
1584226820,2020-03-14 23:30,Asturias,107,1
1584226820,2020-03-14 23:30,la Comunidad Valenciana ,188,3
1584226820,2020-03-14 23:30,Galicia,135,1
1584226820,2020-03-14 23:30,Aragón ,121,7
1584226820,2020-03-14 23:30,Canarias ,90,1
1584226820,2020-03-14 23:30,Extremadura,66,2
1584226820,2020-03-14 23:30,Murcia,53,
1584226820,2020-03-14 23:30,Baleares,44,1
1584226820,2020-03-14 23:30,Cantabria,43,
1584226820,2020-03-14 23:30,Melilla,6,
1584226820,2020-03-15 00:00,Madrid ,2940,133
1584226820,2020-03-15 00:00,País Vasco,522,19
1584226820,2020-03-15 00:00,Cataluña,715,8
1584226820,2020-03-15 00:00,La Rioja,292,3
1584226820,2020-03-15 00:00,Andalucía,376,5
1584226820,2020-03-15 00:00,Castilla-La Mancha,289,6
1584226820,2020-03-15 00:00,Castilla y León,223,5
1584226820,2020-03-15 00:00,Navarra,183,1
1584226820,2020-03-15 00:00,Asturias,107,1
1584226820,2020-03-15 00:00,la Comunidad Valenciana ,188,3
1584226820,2020-03-15 00:00,Galicia,135,1
1584226820,2020-03-15 00:00,Aragón ,121,7
1584226820,2020-03-15 00:00,Canarias ,90,1
1584226820,2020-03-15 00:00,Extremadura,66,2
1584226820,2020-03-15 00:00,Murcia,53,
1584226820,2020-03-15 00:00,Baleares,44,1
1584226820,2020-03-15 00:00,Cantabria,43,
1584226820,2020-03-15 00:00,Melilla,6,
1584226820,2020-03-15 00:30,Madrid ,2940,133
1584226820,2020-03-15 00:00,País Vasco,522,19
1584226820,2020-03-15 00:00,Cataluña,715,8
1584226820,2020-03-15 00:00,La Rioja,292,3
1584226820,2020-03-15 00:00,Andalucía,376,5
1584226820,2020-03-15 00:00,Castilla-La Mancha,289,6
1584226820,2020-03-15 00:00,Castilla y León,223,5
1584226820,2020-03-15 00:00,Navarra,183,1
1584226820,2020-03-15 00:00,Asturias,107,1
1584226820,2020-03-15 00:00,la Comunidad Valenciana ,188,3
1584226820,2020-03-15 00:00,Galicia,135,1
1584226820,2020-03-15 00:00,Aragón ,121,7
1584226820,2020-03-15 00:00,Canarias ,90,1
1584226820,2020-03-15 00:00,Extremadura,66,2
1584226820,2020-03-15 00:00,Murcia,53,
1584226820,2020-03-15 00:00,Baleares,44,1
1584226820,2020-03-15 00:00,Cantabria,43,
1584226820,2020-03-15 00:00,Melilla,6,
1584226820,2020-03-15 00:30,Madrid ,2940,133
1584226820,2020-03-15 00:30,País Vasco,522,19
1584226820,2020-03-15 00:30,Cataluña,715,8
1584226820,2020-03-15 00:30,La Rioja,292,3
1584226820,2020-03-15 00:30,Andalucía,376,5
1584226820,2020-03-15 00:30,Castilla-La Mancha,289,6
1584226820,2020-03-15 00:30,Castilla y León,223,5
1584226820,2020-03-15 00:30,Navarra,183,1
1584226820,2020-03-15 00:30,Asturias,107,1
1584226820,2020-03-15 00:30,la Comunidad Valenciana ,188,3
1584226820,2020-03-15 00:30,Galicia,135,1
1584226820,2020-03-15 00:30,Aragón ,121,7
1584226820,2020-03-15 00:30,Canarias ,90,1
1584226820,2020-03-15 00:30,Extremadura,66,2
1584226820,2020-03-15 00:30,Murcia,53,
1584226820,2020-03-15 00:30,Baleares,44,1
1584226820,2020-03-15 00:30,Cantabria,43,
1584226820,2020-03-15 00:30,Melilla,6,
1584226820,2020-03-15 00:30,Madrid ,2940,133
1584226820,2020-03-15 00:30,País Vasco,522,19
1584226820,2020-03-15 00:30,Cataluña,715,8
1584226820,2020-03-15 00:30,La Rioja,292,3
1584226820,2020-03-15 00:30,Andalucía,376,5
1584226820,2020-03-15 00:30,Castilla-La Mancha,289,6
1584226820,2020-03-15 00:30,Castilla y León,223,5
1584226820,2020-03-15 00:30,Navarra,183,1
1584226820,2020-03-15 00:30,Asturias,107,1
1584226820,2020-03-15 00:30,la Comunidad Valenciana ,188,3
1584226820,2020-03-15 00:30,Galicia,135,1
1584226820,2020-03-15 00:30,Aragón ,121,7
1584226820,2020-03-15 00:30,Canarias ,90,1
1584226820,2020-03-15 00:30,Extremadura,66,2
1584226820,2020-03-15 00:30,Murcia,53,
1584226820,2020-03-15 01:00,Madrid ,2940,133
1584226820,2020-03-15 01:00,País Vasco,522,19
1584226820,2020-03-15 01:00,Cataluña,715,8
1584226820,2020-03-15 01:00,La Rioja,292,3
1584226820,2020-03-15 01:00,Andalucía,376,5
1584226820,2020-03-15 01:00,Castilla-La Mancha,289,6
1584226820,2020-03-15 01:00,Castilla y León,223,5
1584226820,2020-03-15 01:00,Navarra,183,1
1584226820,2020-03-15 01:00,Asturias,107,1
1584226820,2020-03-15 01:00,la Comunidad Valenciana ,188,3
1584226820,2020-03-15 01:00,Galicia,135,1
1584226820,2020-03-15 01:00,Aragón ,121,7
1584226820,2020-03-15 01:00,Canarias ,90,1
1584226820,2020-03-15 01:00,Extremadura,66,2
1584226820,2020-03-15 01:00,Murcia,53,
1584233190.320028,2020-03-15 01:46,Madrid ,2940,133.0
1584233190.320028,2020-03-15 01:46,País Vasco,522,19.0
1584233190.320028,2020-03-15 01:46,Cataluña,715,8.0
1584233190.320028,2020-03-15 01:46,La Rioja,292,3.0
1584233190.320028,2020-03-15 01:46,Andalucía,376,5.0
1584233190.320028,2020-03-15 01:46,Castilla-La Mancha,289,6.0
1584233190.320028,2020-03-15 01:46,Castilla y León,223,5.0
1584233190.320028,2020-03-15 01:46,Navarra,183,1.0
1584233190.320028,2020-03-15 01:46,Asturias,107,1.0
1584233190.320028,2020-03-15 01:46,la Comunidad Valenciana ,188,3.0
1584233190.320028,2020-03-15 01:46,Galicia,135,2.0
1584233190.320028,2020-03-15 01:46,Aragón ,121,7.0
1584233190.320028,2020-03-15 01:46,Canarias ,90,1.0
1584233190.320028,2020-03-15 01:46,Extremadura,66,2.0
1584233190.320028,2020-03-15 01:46,Murcia,53,
1584233190.320028,2020-03-15 01:46,Baleares,44,1.0
1584233190.320028,2020-03-15 01:46,Cantabria,43,
1584233190.320028,2020-03-15 01:46,Melilla,6,
1584233190.320028,2020-03-15 01:46,Ceuta,1,
1584233194.003035,2020-03-15 01:46,Madrid ,2940,133.0
1584233194.003035,2020-03-15 01:46,País Vasco,522,19.0
1584233194.003035,2020-03-15 01:46,Cataluña,715,8.0
1584233194.003035,2020-03-15 01:46,La Rioja,292,3.0
1584233194.003035,2020-03-15 01:46,Andalucía,376,5.0
1584233194.003035,2020-03-15 01:46,Castilla-La Mancha,289,6.0
1584233194.003035,2020-03-15 01:46,Castilla y León,223,5.0
1584233194.003035,2020-03-15 01:46,Navarra,183,1.0
1584233194.003035,2020-03-15 01:46,Asturias,107,1.0
1584233194.003035,2020-03-15 01:46,la Comunidad Valenciana ,188,3.0
1584233194.003035,2020-03-15 01:46,Galicia,135,2.0
1584233194.003035,2020-03-15 01:46,Aragón ,121,7.0
1584233194.003035,2020-03-15 01:46,Canarias ,90,1.0
1584233194.003035,2020-03-15 01:46,Extremadura,66,2.0
1584233194.003035,2020-03-15 01:46,Murcia,53,
1584233194.003035,2020-03-15 01:46,Baleares,44,1.0
1584233194.003035,2020-03-15 01:46,Cantabria,43,
1584233194.003035,2020-03-15 01:46,Melilla,6,
1584233194.003035,2020-03-15 01:46,Ceuta,1,
1584234019.834926,2020-03-15 02:00,Madrid ,2940,133.0
1584234019.834926,2020-03-15 02:00,País Vasco,522,19.0
1584234019.834926,2020-03-15 02:00,Cataluña,715,8.0
1584234019.834926,2020-03-15 02:00,La Rioja,292,3.0
1584234019.834926,2020-03-15 02:00,Andalucía,376,5.0
1584234019.834926,2020-03-15 02:00,Castilla-La Mancha,289,6.0
1584234019.834926,2020-03-15 02:00,Castilla y León,223,5.0
1584234019.834926,2020-03-15 02:00,Navarra,183,1.0
1584234019.834926,2020-03-15 02:00,Asturias,107,1.0
1584234019.834926,2020-03-15 02:00,la Comunidad Valenciana ,188,3.0
1584234019.834926,2020-03-15 02:00,Galicia,135,2.0
1584234019.834926,2020-03-15 02:00,Aragón ,121,7.0
1584234019.834926,2020-03-15 02:00,Canarias ,90,1.0
1584234019.834926,2020-03-15 02:00,Extremadura,66,2.0
1584234019.834926,2020-03-15 02:00,Murcia,53,
1584234019.834926,2020-03-15 02:00,Baleares,44,1.0
1584234019.834926,2020-03-15 02:00,Cantabria,43,
1584234019.834926,2020-03-15 02:00,Melilla,6,
1584234019.834926,2020-03-15 02:00,Ceuta,1,
1584235819.843924,2020-03-15 02:30,Madrid ,2940,133.0
1584235819.843924,2020-03-15 02:30,País Vasco,522,19.0
1584235819.843924,2020-03-15 02:30,Cataluña,715,8.0
1584235819.843924,2020-03-15 02:30,La Rioja,292,3.0
1584235819.843924,2020-03-15 02:30,Andalucía,376,5.0
1584235819.843924,2020-03-15 02:30,Castilla-La Mancha,289,6.0
1584235819.843924,2020-03-15 02:30,Castilla y León,223,5.0
1584235819.843924,2020-03-15 02:30,Navarra,183,1.0
1584235819.843924,2020-03-15 02:30,Asturias,107,1.0
1584235819.843924,2020-03-15 02:30,la Comunidad Valenciana ,188,3.0
1584235819.843924,2020-03-15 02:30,Galicia,135,2.0
1584235819.843924,2020-03-15 02:30,Aragón ,121,7.0
1584235819.843924,2020-03-15 02:30,Canarias ,90,1.0
1584235819.843924,2020-03-15 02:30,Extremadura,66,2.0
1584235819.843924,2020-03-15 02:30,Murcia,53,
1584235819.843924,2020-03-15 02:30,Baleares,44,1.0
1584235819.843924,2020-03-15 02:30,Cantabria,43,
1584235819.843924,2020-03-15 02:30,Melilla,6,
1584235819.843924,2020-03-15 02:30,Ceuta,1,
1584236073.734888,2020-03-15 02:34,Madrid ,2940,133.0
1584236073.734888,2020-03-15 02:34,País Vasco,522,19.0
1584236073.734888,2020-03-15 02:34,Cataluña,715,8.0
1584236073.734888,2020-03-15 02:34,La Rioja,292,3.0
1584236073.734888,2020-03-15 02:34,Andalucía,376,5.0
1584236073.734888,2020-03-15 02:34,Castilla-La Mancha,289,6.0
1584236073.734888,2020-03-15 02:34,Castilla y León,223,5.0
1584236073.734888,2020-03-15 02:34,Navarra,183,1.0
1584236073.734888,2020-03-15 02:34,Asturias,107,1.0
1584236073.734888,2020-03-15 02:34,la Comunidad Valenciana ,188,3.0
1584236073.734888,2020-03-15 02:34,Galicia,135,2.0
1584236073.734888,2020-03-15 02:34,Aragón ,121,7.0
1584236073.734888,2020-03-15 02:34,Canarias ,90,1.0
1584236073.734888,2020-03-15 02:34,Extremadura,66,2.0
1584236073.734888,2020-03-15 02:34,Murcia,53,
1584236073.734888,2020-03-15 02:34,Baleares,44,1.0
1584236073.734888,2020-03-15 02:34,Cantabria,43,
1584236073.734888,2020-03-15 02:34,Melilla,6,
1584236073.734888,2020-03-15 02:34,Ceuta,1,
1584236234.799159,2020-03-15 02:37,Madrid ,2940,133.0
1584236234.799159,2020-03-15 02:37,País Vasco,522,19.0
1584236234.799159,2020-03-15 02:37,Cataluña,715,8.0
1584236234.799159,2020-03-15 02:37,La Rioja,292,3.0
1584236234.799159,2020-03-15 02:37,Andalucía,376,5.0
1584236234.799159,2020-03-15 02:37,Castilla-La Mancha,289,6.0
1584236234.799159,2020-03-15 02:37,Castilla y León,223,5.0
1584236234.799159,2020-03-15 02:37,Navarra,183,1.0
1584236234.799159,2020-03-15 02:37,Asturias,107,1.0
1584236234.799159,2020-03-15 02:37,la Comunidad Valenciana ,188,3.0
1584236234.799159,2020-03-15 02:37,Galicia,135,2.0
1584236234.799159,2020-03-15 02:37,Aragón ,121,7.0
1584236234.799159,2020-03-15 02:37,Canarias ,90,1.0
1584236234.799159,2020-03-15 02:37,Extremadura,66,2.0
1584236234.799159,2020-03-15 02:37,Murcia,53,
1584236234.799159,2020-03-15 02:37,Baleares,44,1.0
1584236234.799159,2020-03-15 02:37,Cantabria,43,
1584236234.799159,2020-03-15 02:37,Melilla,6,
1584236234.799159,2020-03-15 02:37,Ceuta,1,
1584236385.497999,2020-03-15 02:39,Madrid ,2940,133.0
1584236385.497999,2020-03-15 02:39,País Vasco,522,19.0
1584236385.497999,2020-03-15 02:39,Cataluña,715,8.0
1584236385.497999,2020-03-15 02:39,La Rioja,292,3.0
1584236385.497999,2020-03-15 02:39,Andalucía,376,5.0
1584236385.497999,2020-03-15 02:39,Castilla-La Mancha,289,6.0
1584236385.497999,2020-03-15 02:39,Castilla y León,223,5.0
1584236385.497999,2020-03-15 02:39,Navarra,183,1.0
1584236385.497999,2020-03-15 02:39,Asturias,107,1.0
1584236385.497999,2020-03-15 02:39,la Comunidad Valenciana ,188,3.0
1584236385.497999,2020-03-15 02:39,Galicia,135,2.0
1584236385.497999,2020-03-15 02:39,Aragón ,121,7.0
1584236385.497999,2020-03-15 02:39,Canarias ,90,1.0
1584236385.497999,2020-03-15 02:39,Extremadura,66,2.0
1584236385.497999,2020-03-15 02:39,Murcia,53,
1584236385.497999,2020-03-15 02:39,Baleares,44,1.0
1584236385.497999,2020-03-15 02:39,Cantabria,43,
1584236385.497999,2020-03-15 02:39,Melilla,6,
1584236385.497999,2020-03-15 02:39,Ceuta,1,
1584237619.81558,2020-03-15 03:00,Madrid ,2940,133.0
1584237619.81558,2020-03-15 03:00,País Vasco,522,19.0
1584237619.81558,2020-03-15 03:00,Cataluña,715,8.0
1584237619.81558,2020-03-15 03:00,La Rioja,292,3.0
1584237619.81558,2020-03-15 03:00,Andalucía,376,5.0
1584237619.81558,2020-03-15 03:00,Castilla-La Mancha,289,6.0
1584237619.81558,2020-03-15 03:00,Castilla y León,223,5.0
1584237619.81558,2020-03-15 03:00,Navarra,183,1.0
1584237619.81558,2020-03-15 03:00,Asturias,107,1.0
1584237619.81558,2020-03-15 03:00,la Comunidad Valenciana ,188,3.0
1584237619.81558,2020-03-15 03:00,Galicia,135,2.0
1584237619.81558,2020-03-15 03:00,Aragón ,121,7.0
1584237619.81558,2020-03-15 03:00,Canarias ,90,1.0
1584237619.81558,2020-03-15 03:00,Extremadura,66,2.0
1584237619.81558,2020-03-15 03:00,Murcia,53,
1584237619.81558,2020-03-15 03:00,Baleares,44,1.0
1584237619.81558,2020-03-15 03:00,Cantabria,43,
1584237619.81558,2020-03-15 03:00,Melilla,6,
1584237619.81558,2020-03-15 03:00,Ceuta,1,
1584240355.375147,2020-03-15 03:45,Madrid ,2940,133.0
1584240355.375147,2020-03-15 03:45,País Vasco,522,19.0
1584240355.375147,2020-03-15 03:45,Cataluña,715,8.0
1584240355.375147,2020-03-15 03:45,La Rioja,292,3.0
1584240355.375147,2020-03-15 03:45,Andalucía,376,5.0
1584240355.375147,2020-03-15 03:45,Castilla-La Mancha,289,6.0
1584240355.375147,2020-03-15 03:45,Castilla y León,223,5.0
1584240355.375147,2020-03-15 03:45,Navarra,183,1.0
1584240355.375147,2020-03-15 03:45,Asturias,107,1.0
1584240355.375147,2020-03-15 03:45,la Comunidad Valenciana ,188,3.0
1584240355.375147,2020-03-15 03:45,Galicia,135,2.0
1584240355.375147,2020-03-15 03:45,Aragón ,121,7.0
1584240355.375147,2020-03-15 03:45,Canarias ,90,1.0
1584240355.375147,2020-03-15 03:45,Extremadura,66,2.0
1584240355.375147,2020-03-15 03:45,Murcia,53,
1584240355.375147,2020-03-15 03:45,Baleares,44,1.0
1584240355.375147,2020-03-15 03:45,Cantabria,43,
1584240355.375147,2020-03-15 03:45,Melilla,6,
1584240355.375147,2020-03-15 03:45,Ceuta,1,
1584240358.951292,2020-03-15 03:45,Madrid ,2940,133.0
1584240358.951292,2020-03-15 03:45,País Vasco,522,19.0
1584240358.951292,2020-03-15 03:45,Cataluña,715,8.0
1584240358.951292,2020-03-15 03:45,La Rioja,292,3.0
1584240358.951292,2020-03-15 03:45,Andalucía,376,5.0
1584240358.951292,2020-03-15 03:45,Castilla-La Mancha,289,6.0
1584240358.951292,2020-03-15 03:45,Castilla y León,223,5.0
1584240358.951292,2020-03-15 03:45,Navarra,183,1.0
1584240358.951292,2020-03-15 03:45,Asturias,107,1.0
1584240358.951292,2020-03-15 03:45,la Comunidad Valenciana ,188,3.0
1584240358.951292,2020-03-15 03:45,Galicia,135,2.0
1584240358.951292,2020-03-15 03:45,Aragón ,121,7.0
1584240358.951292,2020-03-15 03:45,Canarias ,90,1.0
1584240358.951292,2020-03-15 03:45,Extremadura,66,2.0
1584240358.951292,2020-03-15 03:45,Murcia,53,
1584240358.951292,2020-03-15 03:45,Baleares,44,1.0
1584240358.951292,2020-03-15 03:45,Cantabria,43,
1584240358.951292,2020-03-15 03:45,Melilla,6,
1584240358.951292,2020-03-15 03:45,Ceuta,1,
1584240365.551132,2020-03-15 03:46,Madrid ,2940,133.0
1584240365.551132,2020-03-15 03:46,País Vasco,522,19.0
1584240365.551132,2020-03-15 03:46,Cataluña,715,8.0
1584240365.551132,2020-03-15 03:46,La Rioja,292,3.0
1584240365.551132,2020-03-15 03:46,Andalucía,376,5.0
1584240365.551132,2020-03-15 03:46,Castilla-La Mancha,289,6.0
1584240365.551132,2020-03-15 03:46,Castilla y León,223,5.0
1584240365.551132,2020-03-15 03:46,Navarra,183,1.0
1584240365.551132,2020-03-15 03:46,Asturias,107,1.0
1584240365.551132,2020-03-15 03:46,la Comunidad Valenciana ,188,3.0
1584240365.551132,2020-03-15 03:46,Galicia,135,2.0
1584240365.551132,2020-03-15 03:46,Aragón ,121,7.0
1584240365.551132,2020-03-15 03:46,Canarias ,90,1.0
1584240365.551132,2020-03-15 03:46,Extremadura,66,2.0
1584240365.551132,2020-03-15 03:46,Murcia,53,
1584240365.551132,2020-03-15 03:46,Baleares,44,1.0
1584240365.551132,2020-03-15 03:46,Cantabria,43,
1584240365.551132,2020-03-15 03:46,Melilla,6,
1584240365.551132,2020-03-15 03:46,Ceuta,1,
1584241219.62538,2020-03-15 04:00,Madrid ,2940,133.0
1584241219.62538,2020-03-15 04:00,País Vasco,522,19.0
1584241219.62538,2020-03-15 04:00,Cataluña,715,8.0
1584241219.62538,2020-03-15 04:00,La Rioja,292,3.0
1584241219.62538,2020-03-15 04:00,Andalucía,376,5.0
1584241219.62538,2020-03-15 04:00,Castilla-La Mancha,289,6.0
1584241219.62538,2020-03-15 04:00,Castilla y León,223,5.0
1584241219.62538,2020-03-15 04:00,Navarra,183,1.0
1584241219.62538,2020-03-15 04:00,Asturias,107,1.0
1584241219.62538,2020-03-15 04:00,la Comunidad Valenciana ,188,3.0
1584241219.62538,2020-03-15 04:00,Galicia,135,2.0
1584241219.62538,2020-03-15 04:00,Aragón ,121,7.0
1584241219.62538,2020-03-15 04:00,Canarias ,90,1.0
1584241219.62538,2020-03-15 04:00,Extremadura,66,2.0
1584241219.62538,2020-03-15 04:00,Murcia,53,
1584241219.62538,2020-03-15 04:00,Baleares,44,1.0
1584241219.62538,2020-03-15 04:00,Cantabria,43,
1584241219.62538,2020-03-15 04:00,Melilla,6,
1584241219.62538,2020-03-15 04:00,Ceuta,1,
1584241393.865713,2020-03-15 04:03,Madrid ,2940,133.0
1584241393.865713,2020-03-15 04:03,País Vasco,522,19.0
1584241393.865713,2020-03-15 04:03,Cataluña,715,8.0
1584241393.865713,2020-03-15 04:03,La Rioja,292,3.0
1584241393.865713,2020-03-15 04:03,Andalucía,376,5.0
1584241393.865713,2020-03-15 04:03,Castilla-La Mancha,289,6.0
1584241393.865713,2020-03-15 04:03,Castilla y León,223,5.0
1584241393.865713,2020-03-15 04:03,Navarra,183,1.0
1584241393.865713,2020-03-15 04:03,Asturias,107,1.0
1584241393.865713,2020-03-15 04:03,la Comunidad Valenciana ,188,3.0
1584241393.865713,2020-03-15 04:03,Galicia,135,2.0
1584241393.865713,2020-03-15 04:03,Aragón ,121,7.0
1584241393.865713,2020-03-15 04:03,Canarias ,90,1.0
1584241393.865713,2020-03-15 04:03,Extremadura,66,2.0
1584241393.865713,2020-03-15 04:03,Murcia,53,
1584241393.865713,2020-03-15 04:03,Baleares,44,1.0
1584241393.865713,2020-03-15 04:03,Cantabria,43,
1584241393.865713,2020-03-15 04:03,Melilla,6,
1584241393.865713,2020-03-15 04:03,Ceuta,1,
1584243019.678815,2020-03-15 04:30,Madrid ,2940,133.0
1584243019.678815,2020-03-15 04:30,País Vasco,522,19.0
1584243019.678815,2020-03-15 04:30,Cataluña,715,8.0
1584243019.678815,2020-03-15 04:30,La Rioja,292,3.0
1584243019.678815,2020-03-15 04:30,Andalucía,376,5.0
1584243019.678815,2020-03-15 04:30,Castilla-La Mancha,289,6.0
1584243019.678815,2020-03-15 04:30,Castilla y León,223,5.0
1584243019.678815,2020-03-15 04:30,Navarra,183,1.0
1584243019.678815,2020-03-15 04:30,Asturias,107,1.0
1584243019.678815,2020-03-15 04:30,la Comunidad Valenciana ,188,3.0
1584243019.678815,2020-03-15 04:30,Galicia,135,2.0
1584243019.678815,2020-03-15 04:30,Aragón ,121,7.0
1584243019.678815,2020-03-15 04:30,Canarias ,90,1.0
1584243019.678815,2020-03-15 04:30,Extremadura,66,2.0
1584243019.678815,2020-03-15 04:30,Murcia,53,
1584243019.678815,2020-03-15 04:30,Baleares,44,1.0
1584243019.678815,2020-03-15 04:30,Cantabria,43,
1584243019.678815,2020-03-15 04:30,Melilla,6,
1584243019.678815,2020-03-15 04:30,Ceuta,1,
1584270259.280823,2020-03-15 12:04,Madrid ,2940,133.0
1584270259.280823,2020-03-15 12:04,País Vasco,522,19.0
1584270259.280823,2020-03-15 12:04,Cataluña,715,8.0
1584270259.280823,2020-03-15 12:04,La Rioja,292,3.0
1584270259.280823,2020-03-15 12:04,Andalucía,376,5.0
1584270259.280823,2020-03-15 12:04,Castilla-La Mancha,289,6.0
1584270259.280823,2020-03-15 12:04,Castilla y León,223,5.0
1584270259.280823,2020-03-15 12:04,Navarra,183,1.0
1584270259.280823,2020-03-15 12:04,Asturias,107,1.0
1584270259.280823,2020-03-15 12:04,la Comunidad Valenciana ,188,3.0
1584270259.280823,2020-03-15 12:04,Galicia,135,2.0
1584270259.280823,2020-03-15 12:04,Aragón ,121,7.0
1584270259.280823,2020-03-15 12:04,Canarias ,90,1.0
1584270259.280823,2020-03-15 12:04,Extremadura,66,2.0
1584270259.280823,2020-03-15 12:04,Baleares,55,1.0
1584270259.280823,2020-03-15 12:04,Murcia,53,
1584270259.280823,2020-03-15 12:04,Cantabria,43,
1584270259.280823,2020-03-15 12:04,Melilla,6,
1584270259.280823,2020-03-15 12:04,Ceuta,1,
1584275054.401292,2020-03-15 13:24,Madrid ,2940,133.0
1584275054.401292,2020-03-15 13:24,País Vasco,630,19.0
1584275054.401292,2020-03-15 13:24,Cataluña,715,8.0
1584275054.401292,2020-03-15 13:24,La Rioja,292,3.0
1584275054.401292,2020-03-15 13:24,Andalucía,376,5.0
1584275054.401292,2020-03-15 13:24,Castilla-La Mancha,289,6.0
1584275054.401292,2020-03-15 13:24,Castilla y León,223,5.0
1584275054.401292,2020-03-15 13:24,Navarra,183,1.0
1584275054.401292,2020-03-15 13:24,Asturias,107,1.0
1584275054.401292,2020-03-15 13:24,la Comunidad Valenciana ,403,4.0
1584275054.401292,2020-03-15 13:24,Aragón ,147,7.0
1584275054.401292,2020-03-15 13:24,Galicia,135,2.0
1584275054.401292,2020-03-15 13:24,Extremadura,95,2.0
1584275054.401292,2020-03-15 13:24,Canarias ,90,1.0
1584275054.401292,2020-03-15 13:24,Baleares,55,1.0
1584275054.401292,2020-03-15 13:24,Murcia,53,
1584275054.401292,2020-03-15 13:24,Cantabria,41,
1584275054.401292,2020-03-15 13:24,Melilla,6,
1584275054.401292,2020-03-15 13:24,Ceuta,1,
1584275123.342353,2020-03-15 13:25,Madrid ,2940,133.0
1584275123.342353,2020-03-15 13:25,País Vasco,630,19.0
1584275123.342353,2020-03-15 13:25,Cataluña,715,8.0
1584275123.342353,2020-03-15 13:25,La Rioja,292,3.0
1584275123.342353,2020-03-15 13:25,Andalucía,376,5.0
1584275123.342353,2020-03-15 13:25,Castilla-La Mancha,289,6.0
1584275123.342353,2020-03-15 13:25,Castilla y León,223,5.0
1584275123.342353,2020-03-15 13:25,Navarra,183,1.0
1584275123.342353,2020-03-15 13:25,Asturias,107,1.0
1584275123.342353,2020-03-15 13:25,la Comunidad Valenciana ,403,4.0
1584275123.342353,2020-03-15 13:25,Aragón ,147,7.0
1584275123.342353,2020-03-15 13:25,Galicia,135,2.0
1584275123.342353,2020-03-15 13:25,Extremadura,95,2.0
1584275123.342353,2020-03-15 13:25,Canarias ,90,1.0
1584275123.342353,2020-03-15 13:25,Baleares,55,1.0
1584275123.342353,2020-03-15 13:25,Murcia,53,
1584275123.342353,2020-03-15 13:25,Cantabria,41,
1584275123.342353,2020-03-15 13:25,Melilla,6,
1584275123.342353,2020-03-15 13:25,Ceuta,1,
1584276023.798084,2020-03-15 13:40,Madrid ,2940,133.0
1584276023.798084,2020-03-15 13:40,País Vasco,630,19.0
1584276023.798084,2020-03-15 13:40,Cataluña,715,8.0
1584276023.798084,2020-03-15 13:40,La Rioja,292,3.0
1584276023.798084,2020-03-15 13:40,Andalucía,376,5.0
1584276023.798084,2020-03-15 13:40,Castilla-La Mancha,289,6.0
1584276023.798084,2020-03-15 13:40,Castilla y León,223,5.0
1584276023.798084,2020-03-15 13:40,Navarra,183,1.0
1584276023.798084,2020-03-15 13:40,Asturias,107,1.0
1584276023.798084,2020-03-15 13:40,la Comunidad Valenciana ,403,4.0
1584276023.798084,2020-03-15 13:40,Aragón ,147,7.0
1584276023.798084,2020-03-15 13:40,Galicia,135,2.0
1584276023.798084,2020-03-15 13:40,Extremadura,95,2.0
1584276023.798084,2020-03-15 13:40,Canarias ,90,1.0
1584276023.798084,2020-03-15 13:40,Baleares,55,1.0
1584276023.798084,2020-03-15 13:40,Murcia,53,
1584276023.798084,2020-03-15 13:40,Cantabria,41,
1584276023.798084,2020-03-15 13:40,Melilla,6,
1584276023.798084,2020-03-15 13:40,Ceuta,1,
1584287604.127916,2020-03-15 16:53,Madrid ,3544,213.0
1584287604.127916,2020-03-15 16:53,País Vasco,630,23.0
1584287604.127916,2020-03-15 16:53,Cataluña,715,8.0
1584287604.127916,2020-03-15 16:53,La Rioja,300,3.0
1584287604.127916,2020-03-15 16:53,Andalucía,437,6.0
1584287604.127916,2020-03-15 16:53,Castilla-La Mancha,401,6.0
1584287604.127916,2020-03-15 16:53,Castilla y León,292,9.0
1584287604.127916,2020-03-15 16:53,Navarra,183,
1584287604.127916,2020-03-15 16:53,Asturias,137,1.0
1584287604.127916,2020-03-15 16:53,la Comunidad Valenciana ,409,5.0
1584287604.127916,2020-03-15 16:53,Aragón ,147,7.0
1584287604.127916,2020-03-15 16:53,Galicia,195,2.0
1584287604.127916,2020-03-15 16:53,Extremadura,95,2.0
1584287604.127916,2020-03-15 16:53,Canarias ,109,1.0
1584287604.127916,2020-03-15 16:53,Baleares,55,1.0
1584287604.127916,2020-03-15 16:53,Murcia,71,
1584287604.127916,2020-03-15 16:53,Cantabria,51,
1584287604.127916,2020-03-15 16:53,Melilla,8,
1584287604.127916,2020-03-15 16:53,Ceuta,1,
1584288019.702998,2020-03-15 17:00,Madrid ,3544,213.0
1584288019.702998,2020-03-15 17:00,País Vasco,630,23.0
1584288019.702998,2020-03-15 17:00,Cataluña,715,8.0
1584288019.702998,2020-03-15 17:00,La Rioja,300,3.0
1584288019.702998,2020-03-15 17:00,Andalucía,437,6.0
1584288019.702998,2020-03-15 17:00,Castilla-La Mancha,401,6.0
1584288019.702998,2020-03-15 17:00,Castilla y León,292,9.0
1584288019.702998,2020-03-15 17:00,Navarra,183,
1584288019.702998,2020-03-15 17:00,Asturias,137,1.0
1584288019.702998,2020-03-15 17:00,la Comunidad Valenciana ,409,5.0
1584288019.702998,2020-03-15 17:00,Aragón ,147,7.0
1584288019.702998,2020-03-15 17:00,Galicia,195,2.0
1584288019.702998,2020-03-15 17:00,Extremadura,95,2.0
1584288019.702998,2020-03-15 17:00,Canarias ,109,1.0
1584288019.702998,2020-03-15 17:00,Baleares,55,1.0
1584288019.702998,2020-03-15 17:00,Murcia,71,
1584288019.702998,2020-03-15 17:00,Cantabria,51,
1584288019.702998,2020-03-15 17:00,Melilla,8,
1584288019.702998,2020-03-15 17:00,Ceuta,1,
1584290282.709858,2020-03-15 17:38,Madrid ,3544,213.0
1584290282.709858,2020-03-15 17:38,País Vasco,630,23.0
1584290282.709858,2020-03-15 17:38,Cataluña,903,12.0
1584290282.709858,2020-03-15 17:38,La Rioja,300,3.0
1584290282.709858,2020-03-15 17:38,Andalucía,437,6.0
1584290282.709858,2020-03-15 17:38,Castilla-La Mancha,401,6.0
1584290282.709858,2020-03-15 17:38,Castilla y León,292,9.0
1584290282.709858,2020-03-15 17:38,Navarra,183,
1584290282.709858,2020-03-15 17:38,Asturias,137,1.0
1584290282.709858,2020-03-15 17:38,la Comunidad Valenciana ,409,5.0
1584290282.709858,2020-03-15 17:38,Aragón ,147,7.0
1584290282.709858,2020-03-15 17:38,Galicia,195,2.0
1584290282.709858,2020-03-15 17:38,Extremadura,95,2.0
1584290282.709858,2020-03-15 17:38,Canarias ,109,1.0
1584290282.709858,2020-03-15 17:38,Baleares,55,1.0
1584290282.709858,2020-03-15 17:38,Murcia,71,
1584290282.709858,2020-03-15 17:38,Cantabria,51,
1584290282.709858,2020-03-15 17:38,Melilla,8,
1584290282.709858,2020-03-15 17:38,Ceuta,1,
1584291605.139329,2020-03-15 18:00,Madrid ,3544,213.0
1584291605.139329,2020-03-15 18:00,País Vasco,630,23.0
1584291605.139329,2020-03-15 18:00,Cataluña,903,12.0
1584291605.139329,2020-03-15 18:00,La Rioja,300,3.0
1584291605.139329,2020-03-15 18:00,Andalucía,437,6.0
1584291605.139329,2020-03-15 18:00,Castilla-La Mancha,401,6.0
1584291605.139329,2020-03-15 18:00,Castilla y León,292,9.0
1584291605.139329,2020-03-15 18:00,Navarra,183,
1584291605.139329,2020-03-15 18:00,Asturias,137,1.0
1584291605.139329,2020-03-15 18:00,la Comunidad Valenciana ,409,5.0
1584291605.139329,2020-03-15 18:00,Aragón ,147,7.0
1584291605.139329,2020-03-15 18:00,Galicia,195,2.0
1584291605.139329,2020-03-15 18:00,Extremadura,95,2.0
1584291605.139329,2020-03-15 18:00,Canarias ,109,1.0
1584291605.139329,2020-03-15 18:00,Baleares,55,1.0
1584291605.139329,2020-03-15 18:00,Murcia,71,
1584291605.139329,2020-03-15 18:00,Cantabria,51,
1584291605.139329,2020-03-15 18:00,Melilla,8,
1584291605.139329,2020-03-15 18:00,Ceuta,1,
1584293402.819539,2020-03-15 18:30,Madrid ,3544,213.0
1584293402.819539,2020-03-15 18:30,País Vasco,630,23.0
1584293402.819539,2020-03-15 18:30,Cataluña,903,12.0
1584293402.819539,2020-03-15 18:30,La Rioja,300,3.0
1584293402.819539,2020-03-15 18:30,Andalucía,437,6.0
1584293402.819539,2020-03-15 18:30,Castilla-La Mancha,401,6.0
1584293402.819539,2020-03-15 18:30,Castilla y León,292,9.0
1584293402.819539,2020-03-15 18:30,Navarra,183,
1584293402.819539,2020-03-15 18:30,Asturias,137,1.0
1584293402.819539,2020-03-15 18:30,la Comunidad Valenciana ,409,5.0
1584293402.819539,2020-03-15 18:30,Aragón ,147,7.0
1584293402.819539,2020-03-15 18:30,Galicia,195,2.0
1584293402.819539,2020-03-15 18:30,Extremadura,95,2.0
1584293402.819539,2020-03-15 18:30,Canarias ,109,1.0
1584293402.819539,2020-03-15 18:30,Baleares,55,1.0
1584293402.819539,2020-03-15 18:30,Murcia,71,
1584293402.819539,2020-03-15 18:30,Cantabria,51,
1584293402.819539,2020-03-15 18:30,Melilla,8,
1584293402.819539,2020-03-15 18:30,Ceuta,1,
1584295203.689337,2020-03-15 19:00,Madrid ,3544,213.0
1584295203.689337,2020-03-15 19:00,País Vasco,630,23.0
1584295203.689337,2020-03-15 19:00,Cataluña,903,12.0
1584295203.689337,2020-03-15 19:00,La Rioja,300,3.0
1584295203.689337,2020-03-15 19:00,Andalucía,437,6.0
1584295203.689337,2020-03-15 19:00,Castilla-La Mancha,401,6.0
1584295203.689337,2020-03-15 19:00,Castilla y León,292,9.0
1584295203.689337,2020-03-15 19:00,Navarra,183,
1584295203.689337,2020-03-15 19:00,Asturias,137,1.0
1584295203.689337,2020-03-15 19:00,la Comunidad Valenciana ,409,5.0
1584295203.689337,2020-03-15 19:00,Aragón ,147,7.0
1584295203.689337,2020-03-15 19:00,Galicia,195,2.0
1584295203.689337,2020-03-15 19:00,Extremadura,95,2.0
1584295203.689337,2020-03-15 19:00,Canarias ,109,1.0
1584295203.689337,2020-03-15 19:00,Baleares,28,1.0
1584295203.689337,2020-03-15 19:00,Murcia,78,
1584295203.689337,2020-03-15 19:00,Cantabria,51,
1584295203.689337,2020-03-15 19:00,Melilla,8,
1584295203.689337,2020-03-15 19:00,Ceuta,1,
1584297002.774883,2020-03-15 19:30,Madrid ,3544,213.0
1584297002.774883,2020-03-15 19:30,País Vasco,630,23.0
1584297002.774883,2020-03-15 19:30,Cataluña,903,12.0
1584297002.774883,2020-03-15 19:30,La Rioja,300,3.0
1584297002.774883,2020-03-15 19:30,Andalucía,437,6.0
1584297002.774883,2020-03-15 19:30,Castilla-La Mancha,401,6.0
1584297002.774883,2020-03-15 19:30,Castilla y León,292,9.0
1584297002.774883,2020-03-15 19:30,Navarra(1 muerto),183,1.0
1584297002.774883,2020-03-15 19:30,Asturias,137,1.0
1584297002.774883,2020-03-15 19:30,la Comunidad Valenciana ,409,5.0
1584297002.774883,2020-03-15 19:30,Aragón ,147,7.0
1584297002.774883,2020-03-15 19:30,Galicia,195,2.0
1584297002.774883,2020-03-15 19:30,Extremadura,95,2.0
1584297002.774883,2020-03-15 19:30,Canarias ,109,1.0
1584297002.774883,2020-03-15 19:30,Baleares,28,1.0
1584297002.774883,2020-03-15 19:30,Murcia,78,
1584297002.774883,2020-03-15 19:30,Cantabria,51,
1584297002.774883,2020-03-15 19:30,Melilla,8,
1584297002.774883,2020-03-15 19:30,Ceuta,1,
1584298803.788726,2020-03-15 20:00,Madrid ,3544,213.0
1584298803.788726,2020-03-15 20:00,País Vasco,630,23.0
1584298803.788726,2020-03-15 20:00,Cataluña,903,12.0
1584298803.788726,2020-03-15 20:00,La Rioja,300,3.0
1584298803.788726,2020-03-15 20:00,Andalucía,437,6.0
1584298803.788726,2020-03-15 20:00,Castilla-La Mancha,401,6.0
1584298803.788726,2020-03-15 20:00,Castilla y León,292,9.0
1584298803.788726,2020-03-15 20:00,Navarra(1 muerto),183,1.0
1584298803.788726,2020-03-15 20:00,Asturias,137,1.0
1584298803.788726,2020-03-15 20:00,la Comunidad Valenciana ,409,5.0
1584298803.788726,2020-03-15 20:00,Aragón ,147,7.0
1584298803.788726,2020-03-15 20:00,Galicia,195,2.0
1584298803.788726,2020-03-15 20:00,Extremadura,95,2.0
1584298803.788726,2020-03-15 20:00,Canarias ,109,1.0
1584298803.788726,2020-03-15 20:00,Baleares,28,1.0
1584298803.788726,2020-03-15 20:00,Murcia,78,
1584298803.788726,2020-03-15 20:00,Cantabria,51,
1584298803.788726,2020-03-15 20:00,Melilla,8,
1584298803.788726,2020-03-15 20:00,Ceuta,1,
1584301899.305196,2020-03-15 20:51,Madrid ,3544,213.0
1584301899.305196,2020-03-15 20:51,País Vasco,630,23.0
1584301899.305196,2020-03-15 20:51,Cataluña,903,12.0
1584301899.305196,2020-03-15 20:51,La Rioja,300,3.0
1584301899.305196,2020-03-15 20:51,Andalucía,437,6.0
1584301899.305196,2020-03-15 20:51,Castilla-La Mancha,401,6.0
1584301899.305196,2020-03-15 20:51,Castilla y León,292,9.0
1584301899.305196,2020-03-15 20:51,Navarra(1 muerto),234,1.0
1584301899.305196,2020-03-15 20:51,Asturias,137,1.0
1584301899.305196,2020-03-15 20:51,la Comunidad Valenciana ,409,5.0
1584301899.305196,2020-03-15 20:51,Aragón ,147,7.0
1584301899.305196,2020-03-15 20:51,Galicia,195,2.0
1584301899.305196,2020-03-15 20:51,Extremadura,95,2.0
1584301899.305196,2020-03-15 20:51,Canarias ,109,1.0
1584301899.305196,2020-03-15 20:51,Baleares,28,1.0
1584301899.305196,2020-03-15 20:51,Murcia,78,
1584301899.305196,2020-03-15 20:51,Cantabria,51,
1584301899.305196,2020-03-15 20:51,Melilla,8,
1584301899.305196,2020-03-15 20:51,Ceuta,1,
1584302419.672147,2020-03-15 21:00,Madrid ,3544,213.0
1584302419.672147,2020-03-15 21:00,País Vasco,630,23.0
1584302419.672147,2020-03-15 21:00,Cataluña,903,12.0
1584302419.672147,2020-03-15 21:00,La Rioja,300,3.0
1584302419.672147,2020-03-15 21:00,Andalucía,437,6.0
1584302419.672147,2020-03-15 21:00,Castilla-La Mancha,401,6.0
1584302419.672147,2020-03-15 21:00,Castilla y León,292,9.0
1584302419.672147,2020-03-15 21:00,Navarra(1 muerto),234,1.0
1584302419.672147,2020-03-15 21:00,Asturias,137,1.0
1584302419.672147,2020-03-15 21:00,la Comunidad Valenciana ,409,5.0
1584302419.672147,2020-03-15 21:00,Aragón ,147,7.0
1584302419.672147,2020-03-15 21:00,Galicia,195,2.0
1584302419.672147,2020-03-15 21:00,Extremadura,95,2.0
1584302419.672147,2020-03-15 21:00,Canarias ,109,1.0
1584302419.672147,2020-03-15 21:00,Baleares,28,1.0
1584302419.672147,2020-03-15 21:00,Murcia,78,
1584302419.672147,2020-03-15 21:00,Cantabria,51,
1584302419.672147,2020-03-15 21:00,Melilla,8,
1584302419.672147,2020-03-15 21:00,Ceuta,1,
1584305102.957525,2020-03-15 21:45,Madrid ,3544,213.0
1584305102.957525,2020-03-15 21:45,País Vasco,630,23.0
1584305102.957525,2020-03-15 21:45,Cataluña,903,12.0
1584305102.957525,2020-03-15 21:45,La Rioja,300,3.0
1584305102.957525,2020-03-15 21:45,Andalucía,437,6.0
1584305102.957525,2020-03-15 21:45,Castilla-La Mancha,401,6.0
1584305102.957525,2020-03-15 21:45,Castilla y León,292,9.0
1584305102.957525,2020-03-15 21:45,Navarra(1 muerto),234,1.0
1584305102.957525,2020-03-15 21:45,Asturias,137,1.0
1584305102.957525,2020-03-15 21:45,la Comunidad Valenciana ,409,5.0
1584305102.957525,2020-03-15 21:45,Aragón ,147,7.0
1584305102.957525,2020-03-15 21:45,Galicia,195,2.0
1584305102.957525,2020-03-15 21:45,Extremadura,95,2.0
1584305102.957525,2020-03-15 21:45,Canarias ,109,1.0
1584305102.957525,2020-03-15 21:45,Baleares,28,1.0
1584305102.957525,2020-03-15 21:45,Murcia,78,
1584305102.957525,2020-03-15 21:45,Cantabria,52,
1584305102.957525,2020-03-15 21:45,Melilla,8,
1584305102.957525,2020-03-15 21:45,Ceuta,1,
1584305416.367223,2020-03-15 21:50,Madrid ,3544,213.0
1584305416.367223,2020-03-15 21:50,País Vasco,630,23.0
1584305416.367223,2020-03-15 21:50,Cataluña,903,12.0
1584305416.367223,2020-03-15 21:50,La Rioja,300,3.0
1584305416.367223,2020-03-15 21:50,Andalucía,437,6.0
1584305416.367223,2020-03-15 21:50,Castilla-La Mancha,401,6.0
1584305416.367223,2020-03-15 21:50,Castilla y León,292,9.0
1584305416.367223,2020-03-15 21:50,Navarra(1 muerto),234,1.0
1584305416.367223,2020-03-15 21:50,Asturias,137,1.0
1584305416.367223,2020-03-15 21:50,la Comunidad Valenciana ,409,5.0
1584305416.367223,2020-03-15 21:50,Aragón ,147,7.0
1584305416.367223,2020-03-15 21:50,Galicia,195,2.0
1584305416.367223,2020-03-15 21:50,Extremadura,95,2.0
1584305416.367223,2020-03-15 21:50,Canarias ,109,1.0
1584305416.367223,2020-03-15 21:50,Baleares,28,1.0
1584305416.367223,2020-03-15 21:50,Murcia,78,
1584305416.367223,2020-03-15 21:50,Cantabria,52,
1584305416.367223,2020-03-15 21:50,Melilla,8,
1584305416.367223,2020-03-15 21:50,Ceuta,1,
1584306019.731649,2020-03-15 22:00,Madrid ,3544,213.0
1584306019.731649,2020-03-15 22:00,País Vasco,630,23.0
1584306019.731649,2020-03-15 22:00,Cataluña,903,12.0
1584306019.731649,2020-03-15 22:00,La Rioja,300,3.0
1584306019.731649,2020-03-15 22:00,Andalucía,437,6.0
1584306019.731649,2020-03-15 22:00,Castilla-La Mancha,401,6.0
1584306019.731649,2020-03-15 22:00,Castilla y León,292,9.0
1584306019.731649,2020-03-15 22:00,Navarra(1 muerto),234,1.0
1584306019.731649,2020-03-15 22:00,Asturias,137,1.0
1584306019.731649,2020-03-15 22:00,la Comunidad Valenciana ,409,5.0
1584306019.731649,2020-03-15 22:00,Aragón ,147,7.0
1584306019.731649,2020-03-15 22:00,Galicia,195,2.0
1584306019.731649,2020-03-15 22:00,Extremadura,95,2.0
1584306019.731649,2020-03-15 22:00,Canarias ,109,1.0
1584306019.731649,2020-03-15 22:00,Baleares,28,1.0
1584306019.731649,2020-03-15 22:00,Murcia,78,
1584306019.731649,2020-03-15 22:00,Cantabria,52,
1584306019.731649,2020-03-15 22:00,Melilla,8,
1584306019.731649,2020-03-15 22:00,Ceuta,1,
1584357094.310527,2020-03-16 12:11,Madrid ,4755,213.0
1584357094.310527,2020-03-16 12:11,País Vasco,630,23.0
1584357094.310527,2020-03-16 12:11,Cataluña,903,12.0
1584357094.310527,2020-03-16 12:11,La Rioja,300,3.0
1584357094.310527,2020-03-16 12:11,Andalucía,437,6.0
1584357094.310527,2020-03-16 12:11,Castilla-La Mancha,401,6.0
1584357094.310527,2020-03-16 12:11,Castilla y León,292,9.0
1584357094.310527,2020-03-16 12:11,Navarra(1 muerto),234,1.0
1584357094.310527,2020-03-16 12:11,Asturias,137,1.0
1584357094.310527,2020-03-16 12:11,la Comunidad Valenciana ,409,5.0
1584357094.310527,2020-03-16 12:11,Aragón ,147,7.0
1584357094.310527,2020-03-16 12:11,Galicia,195,2.0
1584357094.310527,2020-03-16 12:11,Extremadura,95,3.0
1584357094.310527,2020-03-16 12:11,Canarias ,109,1.0
1584357094.310527,2020-03-16 12:11,Baleares,55,1.0
1584357094.310527,2020-03-16 12:11,Murcia,78,
1584357094.310527,2020-03-16 12:11,Cantabria,52,
1584357094.310527,2020-03-16 12:11,Melilla,8,
1584357094.310527,2020-03-16 12:11,Ceuta,1,
1584358070.886618,2020-03-16 12:27,Madrid ,4755,213.0
1584358070.886618,2020-03-16 12:27,País Vasco,630,23.0
1584358070.886618,2020-03-16 12:27,Cataluña,903,12.0
1584358070.886618,2020-03-16 12:27,La Rioja,300,3.0
1584358070.886618,2020-03-16 12:27,Andalucía,437,6.0
1584358070.886618,2020-03-16 12:27,Castilla-La Mancha,401,6.0
1584358070.886618,2020-03-16 12:27,Castilla y León,292,9.0
1584358070.886618,2020-03-16 12:27,Navarra(1 muerto),234,1.0
1584358070.886618,2020-03-16 12:27,Asturias,137,1.0
1584358070.886618,2020-03-16 12:27,la Comunidad Valenciana ,409,5.0
1584358070.886618,2020-03-16 12:27,Aragón ,147,7.0
1584358070.886618,2020-03-16 12:27,Galicia,195,2.0
1584358070.886618,2020-03-16 12:27,Extremadura,95,3.0
1584358070.886618,2020-03-16 12:27,Canarias ,109,1.0
1584358070.886618,2020-03-16 12:27,Baleares,55,1.0
1584358070.886618,2020-03-16 12:27,Murcia,78,
1584358070.886618,2020-03-16 12:27,Cantabria,52,
1584358070.886618,2020-03-16 12:27,Melilla,8,
1584358070.886618,2020-03-16 12:27,Ceuta,1,
1584360019.575712,2020-03-16 13:00,Madrid ,4655,213.0
1584360019.575712,2020-03-16 13:00,País Vasco,630,23.0
1584360019.575712,2020-03-16 13:00,Cataluña,903,12.0
1584360019.575712,2020-03-16 13:00,La Rioja,300,3.0
1584360019.575712,2020-03-16 13:00,Andalucía,437,6.0
1584360019.575712,2020-03-16 13:00,Castilla-La Mancha,401,6.0
1584360019.575712,2020-03-16 13:00,Castilla y León,292,9.0
1584360019.575712,2020-03-16 13:00,Navarra(1 muerto),234,1.0
1584360019.575712,2020-03-16 13:00,Asturias,137,1.0
1584360019.575712,2020-03-16 13:00,la Comunidad Valenciana ,409,5.0
1584360019.575712,2020-03-16 13:00,Aragón ,147,7.0
1584360019.575712,2020-03-16 13:00,Galicia,195,2.0
1584360019.575712,2020-03-16 13:00,Extremadura,95,3.0
1584360019.575712,2020-03-16 13:00,Canarias ,109,1.0
1584360019.575712,2020-03-16 13:00,Baleares,55,1.0
1584360019.575712,2020-03-16 13:00,Murcia,78,
1584360019.575712,2020-03-16 13:00,Cantabria,52,
1584360019.575712,2020-03-16 13:00,Melilla,8,
1584360019.575712,2020-03-16 13:00,Ceuta,1,
1584360145.063914,2020-03-16 13:02,Madrid ,4655,213.0
1584360145.063914,2020-03-16 13:02,País Vasco,630,23.0
1584360145.063914,2020-03-16 13:02,Cataluña,903,12.0
1584360145.063914,2020-03-16 13:02,La Rioja,300,3.0
1584360145.063914,2020-03-16 13:02,Andalucía,437,6.0
1584360145.063914,2020-03-16 13:02,Castilla-La Mancha,401,6.0
1584360145.063914,2020-03-16 13:02,Castilla y León,292,9.0
1584360145.063914,2020-03-16 13:02,Navarra(1 muerto),234,1.0
1584360145.063914,2020-03-16 13:02,Asturias,137,1.0
1584360145.063914,2020-03-16 13:02,la Comunidad Valenciana ,409,5.0
1584360145.063914,2020-03-16 13:02,Aragón ,147,7.0
1584360145.063914,2020-03-16 13:02,Galicia,195,2.0
1584360145.063914,2020-03-16 13:02,Extremadura,95,3.0
1584360145.063914,2020-03-16 13:02,Canarias ,109,1.0
1584360145.063914,2020-03-16 13:02,Baleares,55,1.0
1584360145.063914,2020-03-16 13:02,Murcia,78,
1584360145.063914,2020-03-16 13:02,Cantabria,52,
1584360145.063914,2020-03-16 13:02,Melilla,8,
1584360145.063914,2020-03-16 13:02,Ceuta,1,
1584361819.458439,2020-03-16 13:30,Madrid ,4655,213.0
1584361819.458439,2020-03-16 13:30,País Vasco,630,23.0
1584361819.458439,2020-03-16 13:30,Cataluña,903,12.0
1584361819.458439,2020-03-16 13:30,La Rioja,300,3.0
1584361819.458439,2020-03-16 13:30,Andalucía,437,6.0
1584361819.458439,2020-03-16 13:30,Castilla-La Mancha,401,6.0
1584361819.458439,2020-03-16 13:30,Castilla y León,292,9.0
1584361819.458439,2020-03-16 13:30,Navarra(1 muerto),234,1.0
1584361819.458439,2020-03-16 13:30,Asturias,137,1.0
1584361819.458439,2020-03-16 13:30,la Comunidad Valenciana ,409,5.0
1584361819.458439,2020-03-16 13:30,Aragón ,147,7.0
1584361819.458439,2020-03-16 13:30,Galicia,195,2.0
1584361819.458439,2020-03-16 13:30,Extremadura,95,3.0
1584361819.458439,2020-03-16 13:30,Canarias ,109,1.0
1584361819.458439,2020-03-16 13:30,Baleares,55,1.0
1584361819.458439,2020-03-16 13:30,Murcia,78,
1584361819.458439,2020-03-16 13:30,Cantabria,52,
1584361819.458439,2020-03-16 13:30,Melilla,8,
1584361819.458439,2020-03-16 13:30,Ceuta,1,
1584366386.428745,2020-03-16 14:46,Madrid ,4165,213.0
1584366386.428745,2020-03-16 14:46,Cataluña,903,12.0
1584366386.428745,2020-03-16 14:46,País Vasco,630,23.0
1584366386.428745,2020-03-16 14:46,Castilla-La Mancha,567,17.0
1584366386.428745,2020-03-16 14:46,Andalucía,554,7.0
1584366386.428745,2020-03-16 14:46,la Comunidad Valenciana ,409,5.0
1584366386.428745,2020-03-16 14:46,Castilla y León,334,9.0
1584366386.428745,2020-03-16 14:46,La Rioja,312,4.0
1584366386.428745,2020-03-16 14:46,Navarra(1 muerto),274,1.0
1584366386.428745,2020-03-16 14:46,Galicia,245,2.0
1584366386.428745,2020-03-16 14:46,Asturias,177,1.0
1584366386.428745,2020-03-16 14:46,Aragón ,174,11.0
1584366386.428745,2020-03-16 14:46,Canarias ,119,1.0
1584366386.428745,2020-03-16 14:46,Extremadura,111,2.0
1584366386.428745,2020-03-16 14:46,Murcia,77,
1584366386.428745,2020-03-16 14:46,Baleares,73,1.0
1584366386.428745,2020-03-16 14:46,Cantabria,58,
1584366386.428745,2020-03-16 14:46,Melilla,8,
1584366386.428745,2020-03-16 14:46,Ceuta,1,
1584366519.502337,2020-03-16 14:48,Madrid ,4165,213.0
1584366519.502337,2020-03-16 14:48,Cataluña,903,12.0
1584366519.502337,2020-03-16 14:48,País Vasco,630,23.0
1584366519.502337,2020-03-16 14:48,Castilla-La Mancha,567,17.0
1584366519.502337,2020-03-16 14:48,Andalucía,554,7.0
1584366519.502337,2020-03-16 14:48,la Comunidad Valenciana ,409,5.0
1584366519.502337,2020-03-16 14:48,Castilla y León,334,9.0
1584366519.502337,2020-03-16 14:48,La Rioja,312,4.0
1584366519.502337,2020-03-16 14:48,Navarra(1 muerto),274,1.0
1584366519.502337,2020-03-16 14:48,Galicia,245,2.0
1584366519.502337,2020-03-16 14:48,Asturias,177,1.0
1584366519.502337,2020-03-16 14:48,Aragón ,174,11.0
1584366519.502337,2020-03-16 14:48,Canarias ,119,1.0
1584366519.502337,2020-03-16 14:48,Extremadura,111,2.0
1584366519.502337,2020-03-16 14:48,Murcia,77,
1584366519.502337,2020-03-16 14:48,Baleares,73,1.0
1584366519.502337,2020-03-16 14:48,Cantabria,58,
1584366519.502337,2020-03-16 14:48,Melilla,8,
1584366519.502337,2020-03-16 14:48,Ceuta,1,
1584366597.544959,2020-03-16 14:49,Madrid ,4165,213.0
1584366597.544959,2020-03-16 14:49,Cataluña,903,12.0
1584366597.544959,2020-03-16 14:49,País Vasco,630,23.0
1584366597.544959,2020-03-16 14:49,Castilla-La Mancha,567,17.0
1584366597.544959,2020-03-16 14:49,Andalucía,554,7.0
1584366597.544959,2020-03-16 14:49,la Comunidad Valenciana ,409,5.0
1584366597.544959,2020-03-16 14:49,Castilla y León,334,9.0
1584366597.544959,2020-03-16 14:49,La Rioja,312,4.0
1584366597.544959,2020-03-16 14:49,Navarra(1 muerto),274,1.0
1584366597.544959,2020-03-16 14:49,Galicia,245,2.0
1584366597.544959,2020-03-16 14:49,Asturias,177,1.0
1584366597.544959,2020-03-16 14:49,Aragón ,174,11.0
1584366597.544959,2020-03-16 14:49,Canarias ,119,1.0
1584366597.544959,2020-03-16 14:49,Extremadura,111,2.0
1584366597.544959,2020-03-16 14:49,Murcia,77,
1584366597.544959,2020-03-16 14:49,Baleares,73,1.0
1584366597.544959,2020-03-16 14:49,Cantabria,58,
1584366597.544959,2020-03-16 14:49,Melilla,8,
1584366597.544959,2020-03-16 14:49,Ceuta,1,
1584378080.379872,2020-03-16 18:01,Madrid ,4165,213.0
1584378080.379872,2020-03-16 18:01,Cataluña,903,12.0
1584378080.379872,2020-03-16 18:01,País Vasco,630,23.0
1584378080.379872,2020-03-16 18:01,Castilla-La Mancha,567,17.0
1584378080.379872,2020-03-16 18:01,Andalucía,554,7.0
1584378080.379872,2020-03-16 18:01,la Comunidad Valenciana ,409,5.0
1584378080.379872,2020-03-16 18:01,Castilla y León,334,9.0
1584378080.379872,2020-03-16 18:01,La Rioja,312,4.0
1584378080.379872,2020-03-16 18:01,Navarra(1 muerto),274,1.0
1584378080.379872,2020-03-16 18:01,Galicia,245,2.0
1584378080.379872,2020-03-16 18:01,Asturias,177,1.0
1584378080.379872,2020-03-16 18:01,Aragón ,174,11.0
1584378080.379872,2020-03-16 18:01,Canarias ,119,1.0
1584378080.379872,2020-03-16 18:01,Extremadura,111,2.0
1584378080.379872,2020-03-16 18:01,Murcia,77,
1584378080.379872,2020-03-16 18:01,Baleares,73,1.0
1584378080.379872,2020-03-16 18:01,Cantabria,58,
1584378080.379872,2020-03-16 18:01,Melilla,8,
1584378080.379872,2020-03-16 18:01,Ceuta,1,
1584380158.172138,2020-03-16 18:35,Madrid ,4165,213.0
1584380158.172138,2020-03-16 18:35,Cataluña,903,12.0
1584380158.172138,2020-03-16 18:35,País Vasco,630,23.0
1584380158.172138,2020-03-16 18:35,Castilla-La Mancha,567,17.0
1584380158.172138,2020-03-16 18:35,Andalucía,554,7.0
1584380158.172138,2020-03-16 18:35,la Comunidad Valenciana ,409,5.0
1584380158.172138,2020-03-16 18:35,Castilla y León,334,9.0
1584380158.172138,2020-03-16 18:35,La Rioja,312,4.0
1584380158.172138,2020-03-16 18:35,Navarra(1 muerto),274,1.0
1584380158.172138,2020-03-16 18:35,Galicia,245,2.0
1584380158.172138,2020-03-16 18:35,Asturias,177,1.0
1584380158.172138,2020-03-16 18:35,Aragón ,174,11.0
1584380158.172138,2020-03-16 18:35,Canarias ,119,1.0
1584380158.172138,2020-03-16 18:35,Extremadura,111,2.0
1584380158.172138,2020-03-16 18:35,Murcia,77,
1584380158.172138,2020-03-16 18:35,Baleares,73,1.0
1584380158.172138,2020-03-16 18:35,Cantabria,58,
1584380158.172138,2020-03-16 18:35,Melilla,8,
1584380158.172138,2020-03-16 18:35,Ceuta,1,
1584386178.267995,2020-03-16 20:16,Madrid ,4165,213.0
1584386178.267995,2020-03-16 20:16,Cataluña,1394,18.0
1584386178.267995,2020-03-16 20:16,País Vasco,630,23.0
1584386178.267995,2020-03-16 20:16,Castilla-La Mancha,567,17.0
1584386178.267995,2020-03-16 20:16,Andalucía,554,7.0
1584386178.267995,2020-03-16 20:16,la Comunidad Valenciana ,409,5.0
1584386178.267995,2020-03-16 20:16,Castilla y León,334,9.0
1584386178.267995,2020-03-16 20:16,La Rioja,312,4.0
1584386178.267995,2020-03-16 20:16,Navarra(1 muerto),274,1.0
1584386178.267995,2020-03-16 20:16,Galicia,245,2.0
1584386178.267995,2020-03-16 20:16,Asturias,177,1.0
1584386178.267995,2020-03-16 20:16,Aragón ,174,11.0
1584386178.267995,2020-03-16 20:16,Canarias ,119,1.0
1584386178.267995,2020-03-16 20:16,Extremadura,111,2.0
1584386178.267995,2020-03-16 20:16,Murcia,77,
1584386178.267995,2020-03-16 20:16,Baleares,73,1.0
1584386178.267995,2020-03-16 20:16,Cantabria,58,
1584386178.267995,2020-03-16 20:16,Melilla,8,
1584386178.267995,2020-03-16 20:16,Ceuta,1,
1584387580.346828,2020-03-16 20:39,Madrid ,4165,213.0
1584387580.346828,2020-03-16 20:39,Cataluña,1394,18.0
1584387580.346828,2020-03-16 20:39,País Vasco,630,23.0
1584387580.346828,2020-03-16 20:39,Castilla-La Mancha,567,17.0
1584387580.346828,2020-03-16 20:39,Andalucía,554,7.0
1584387580.346828,2020-03-16 20:39,la Comunidad Valenciana ,409,5.0
1584387580.346828,2020-03-16 20:39,Castilla y León,334,9.0
1584387580.346828,2020-03-16 20:39,La Rioja,312,4.0
1584387580.346828,2020-03-16 20:39,Navarra(1 muerto),274,1.0
1584387580.346828,2020-03-16 20:39,Galicia,245,2.0
1584387580.346828,2020-03-16 20:39,Asturias,177,1.0
1584387580.346828,2020-03-16 20:39,Aragón ,174,11.0
1584387580.346828,2020-03-16 20:39,Canarias ,119,1.0
1584387580.346828,2020-03-16 20:39,Extremadura,111,2.0
1584387580.346828,2020-03-16 20:39,Murcia,77,
1584387580.346828,2020-03-16 20:39,Baleares,73,1.0
1584387580.346828,2020-03-16 20:39,Cantabria,58,
1584387580.346828,2020-03-16 20:39,Melilla,8,
1584387580.346828,2020-03-16 20:39,Ceuta,1,
1584387779.462992,2020-03-16 20:42,Madrid ,4165,213.0
1584387779.462992,2020-03-16 20:42,Cataluña,1394,18.0
1584387779.462992,2020-03-16 20:42,País Vasco,630,23.0
1584387779.462992,2020-03-16 20:42,Castilla-La Mancha,567,17.0
1584387779.462992,2020-03-16 20:42,Andalucía,554,7.0
1584387779.462992,2020-03-16 20:42,la Comunidad Valenciana ,409,5.0
1584387779.462992,2020-03-16 20:42,Castilla y León,334,9.0
1584387779.462992,2020-03-16 20:42,La Rioja,312,4.0
1584387779.462992,2020-03-16 20:42,Navarra(1 muerto),274,1.0
1584387779.462992,2020-03-16 20:42,Galicia,245,2.0
1584387779.462992,2020-03-16 20:42,Asturias,177,1.0
1584387779.462992,2020-03-16 20:42,Aragón ,174,11.0
1584387779.462992,2020-03-16 20:42,Canarias ,119,1.0
1584387779.462992,2020-03-16 20:42,Extremadura,111,2.0
1584387779.462992,2020-03-16 20:42,Murcia,77,
1584387779.462992,2020-03-16 20:42,Baleares,73,1.0
1584387779.462992,2020-03-16 20:42,Cantabria,58,
1584387779.462992,2020-03-16 20:42,Melilla,8,
1584387779.462992,2020-03-16 20:42,Ceuta,1,
1584389778.249424,2020-03-16 21:16,Madrid ,4165,213.0
1584389778.249424,2020-03-16 21:16,Cataluña,1394,18.0
1584389778.249424,2020-03-16 21:16,País Vasco,630,23.0
1584389778.249424,2020-03-16 21:16,Castilla-La Mancha,567,17.0
1584389778.249424,2020-03-16 21:16,Andalucía,554,7.0
1584389778.249424,2020-03-16 21:16,la Comunidad Valenciana ,409,5.0
1584389778.249424,2020-03-16 21:16,Castilla y León,334,9.0
1584389778.249424,2020-03-16 21:16,La Rioja,312,4.0
1584389778.249424,2020-03-16 21:16,Navarra(1 muerto),274,1.0
1584389778.249424,2020-03-16 21:16,Galicia,245,2.0
1584389778.249424,2020-03-16 21:16,Asturias,177,1.0
1584389778.249424,2020-03-16 21:16,Aragón ,174,11.0
1584389778.249424,2020-03-16 21:16,Canarias ,119,1.0
1584389778.249424,2020-03-16 21:16,Extremadura,111,2.0
1584389778.249424,2020-03-16 21:16,Murcia,77,
1584389778.249424,2020-03-16 21:16,Baleares,73,1.0
1584389778.249424,2020-03-16 21:16,Cantabria,58,
1584389778.249424,2020-03-16 21:16,Melilla,8,
1584389778.249424,2020-03-16 21:16,Ceuta,1,
1584395603.253687,2020-03-16 22:53,Madrid ,4165,213.0
1584395603.253687,2020-03-16 22:53,Cataluña,1394,18.0
1584395603.253687,2020-03-16 22:53,País Vasco,630,23.0
1584395603.253687,2020-03-16 22:53,Castilla-La Mancha,567,17.0
1584395603.253687,2020-03-16 22:53,Andalucía,554,7.0
1584395603.253687,2020-03-16 22:53,la Comunidad Valenciana ,409,5.0
1584395603.253687,2020-03-16 22:53,Castilla y León,334,9.0
1584395603.253687,2020-03-16 22:53,La Rioja,312,4.0
1584395603.253687,2020-03-16 22:53,Navarra(1 muerto),274,1.0
1584395603.253687,2020-03-16 22:53,Galicia,245,2.0
1584395603.253687,2020-03-16 22:53,Asturias,177,1.0
1584395603.253687,2020-03-16 22:53,Aragón ,174,11.0
1584395603.253687,2020-03-16 22:53,Canarias ,119,1.0
1584395603.253687,2020-03-16 22:53,Extremadura,111,2.0
1584395603.253687,2020-03-16 22:53,Murcia,77,
1584395603.253687,2020-03-16 22:53,Baleares,73,1.0
1584395603.253687,2020-03-16 22:53,Cantabria,58,
1584395603.253687,2020-03-16 22:53,Melilla,8,
1584395603.253687,2020-03-16 22:53,Ceuta,1,
1584395796.32522,2020-03-16 22:56,Madrid ,4165,213.0
1584395796.32522,2020-03-16 22:56,Cataluña,1394,18.0
1584395796.32522,2020-03-16 22:56,País Vasco,630,23.0
1584395796.32522,2020-03-16 22:56,Castilla-La Mancha,567,17.0
1584395796.32522,2020-03-16 22:56,Andalucía,554,7.0
1584395796.32522,2020-03-16 22:56,la Comunidad Valenciana ,409,5.0
1584395796.32522,2020-03-16 22:56,Castilla y León,334,9.0
1584395796.32522,2020-03-16 22:56,La Rioja,312,4.0
1584395796.32522,2020-03-16 22:56,Navarra(1 muerto),274,1.0
1584395796.32522,2020-03-16 22:56,Galicia,245,2.0
1584395796.32522,2020-03-16 22:56,Asturias,177,1.0
1584395796.32522,2020-03-16 22:56,Aragón ,174,11.0
1584395796.32522,2020-03-16 22:56,Canarias ,119,1.0
1584395796.32522,2020-03-16 22:56,Extremadura,111,2.0
1584395796.32522,2020-03-16 22:56,Murcia,77,
1584395796.32522,2020-03-16 22:56,Baleares,73,1.0
1584395796.32522,2020-03-16 22:56,Cantabria,58,
1584395796.32522,2020-03-16 22:56,Melilla,8,
1584395796.32522,2020-03-16 22:56,Ceuta,1,
1584397819.653764,2020-03-16 23:30,Madrid ,4165,213.0
1584397819.653764,2020-03-16 23:30,Cataluña,1394,18.0
1584397819.653764,2020-03-16 23:30,País Vasco,630,23.0
1584397819.653764,2020-03-16 23:30,Castilla-La Mancha,567,17.0
1584397819.653764,2020-03-16 23:30,Andalucía,554,7.0
1584397819.653764,2020-03-16 23:30,la Comunidad Valenciana ,409,5.0
1584397819.653764,2020-03-16 23:30,Castilla y León,334,9.0
1584397819.653764,2020-03-16 23:30,La Rioja,312,4.0
1584397819.653764,2020-03-16 23:30,Navarra(1 muerto),274,1.0
1584397819.653764,2020-03-16 23:30,Galicia,245,2.0
1584397819.653764,2020-03-16 23:30,Asturias,177,1.0
1584397819.653764,2020-03-16 23:30,Aragón ,174,11.0
1584397819.653764,2020-03-16 23:30,Canarias ,119,1.0
1584397819.653764,2020-03-16 23:30,Extremadura,111,2.0
1584397819.653764,2020-03-16 23:30,Murcia,77,
1584397819.653764,2020-03-16 23:30,Baleares,73,1.0
1584397819.653764,2020-03-16 23:30,Cantabria,58,
1584397819.653764,2020-03-16 23:30,Melilla,8,
1584397819.653764,2020-03-16 23:30,Ceuta,1,
